ID,IKZ COST,NAME,ELEMENT,TYPE,SUBTYPE_1,SUBTYPE_2,SUBTYPE_3,GATE_PWR,ATK,HP,PLUS_ATK,REF_IP,REF_ID,REF_IP2,REF_ID2,RARITY,ILLUSTRATOR,E_1,E_1_TEXT,E_2,E_2_TEXT,F_TEXT,DEFINITION_TEXT,RULING_TEXT,STAMP,IMG,ALT_IMG,ROW_KEY,SOURCE_RELEASE,SOURCE_ENTRY_ID,SETS,IMAGE_URL,FIELD_SOURCE,MISSING_ALPHA_FIELDS,REVIEW_STATUS
AZK01-001,1,Penny,Neutral,Entity,BEANZ,,,0,0,1,,BEANZ,192,,,C,Emily Rose McGonigle,Defender,,,,"Hic! Whoops... I just fell right in front of that hit, didn't I?",Defender,,Alpha,https://static-content.azuki.com/tcg/card_art/S1-AZK01-001_Penny_E_C_die.jpg,,azuki_tcg_official_gallery:S1-AZK01-001_Penny_E_C_die,alpha_master_sheet_crosswalk,S1-AZK01-001_Penny_E_C_die,Booster,https://static-content.azuki.com/tcg/card_art/S1-AZK01-001_Penny_E_C_die.jpg,linked_alpha_master_sheet; official_gallery_image_url,SUBTYPE_2; SUBTYPE_3; PLUS_ATK; REF_IP2; REF_ID2; E_1_TEXT; E_2; E_2_TEXT; RULING_TEXT; ALT_IMG,sheet_sourced
AZK01-002,1,Healing Flutter,Neutral,Spell,BEANZ,,,,,,,BEANZ,44,,,UC,Pandart Studio,Main,Heal 2 to your leader.,,,"Don't worry, I'll patch you up! One bean-sized boost at a time.",,Spell,Alpha,https://static-content.azuki.com/tcg/card_art/S1-AZK01-002_Healing-Flutter_S_UC_die.jpg,,azuki_tcg_official_gallery:S1-AZK01-002_Healing-Flutter_S_UC_die,alpha_master_sheet_crosswalk,S1-AZK01-002_Healing-Flutter_S_UC_die,Booster,https://static-content.azuki.com/tcg/card_art/S1-AZK01-002_Healing-Flutter_S_UC_die.jpg,linked_alpha_master_sheet; official_gallery_image_url,SUBTYPE_2; SUBTYPE_3; GATE_PWR; ATK; HP; PLUS_ATK; REF_IP2; REF_ID2; E_2; E_2_TEXT; DEFINITION_TEXT; ALT_IMG,sheet_sourced
AZK01-003,1,Black Jade Courier,Neutral,Entity,Black Jade,Strider,,0,1,1,,,,,,C,Pandart Studio,On Play,"Look at the top 5 cards of your deck, reveal up to 1 Black Jade card other than Black Jade Courier and add it to your hand, then bottom deck the rest in any order.",,,Sometimes delivery is more than just bringing things. It's about bringing pain.,,,Alpha,https://static-content.azuki.com/tcg/card_art/S1-AZK01-003_Black-Jade-Courier_E_C_die.jpg,,azuki_tcg_official_gallery:S1-AZK01-003_Black-Jade-Courier_E_C_die,alpha_master_sheet_crosswalk,S1-AZK01-003_Black-Jade-Courier_E_C_die,Booster,https://static-content.azuki.com/tcg/card_art/S1-AZK01-003_Black-Jade-Courier_E_C_die.jpg,linked_alpha_master_sheet; official_gallery_image_url,SUBTYPE_3; PLUS_ATK; REF_IP; REF_ID; REF_IP2; REF_ID2; E_2; E_2_TEXT; DEFINITION_TEXT; RULING_TEXT; ALT_IMG,sheet_sourced
AZK01-004,1,Alley Thug,Neutral,Entity,Dawnling,Alley Dweller,,0,1,1,,Elementals,10078,,,C,Volta,When Attacking,This card gets +1 attack until the end of the turn.,,,Watch out! I'm the reason your night just got interesting.,,,Alpha,https://static-content.azuki.com/tcg/card_art/S1-AZK01-004_Alley-Thug_E_C_die.jpg,,azuki_tcg_official_gallery:S1-AZK01-004_Alley-Thug_E_C_die,alpha_master_sheet_crosswalk,S1-AZK01-004_Alley-Thug_E_C_die,Booster,https://static-content.azuki.com/tcg/card_art/S1-AZK01-004_Alley-Thug_E_C_die.jpg,linked_alpha_master_sheet; official_gallery_image_url,SUBTYPE_3; PLUS_ATK; REF_IP2; REF_ID2; E_2; E_2_TEXT; DEFINITION_TEXT; RULING_TEXT; ALT_IMG,sheet_sourced
AZK01-005,4,Caravan Guard,Neutral,Entity,Samurai,Steelborn,,1,2,2,,Azuki,24,,,UC,DKANG!,On Play,Deal up to 1 damage to an entity in you opponents Garden.,,,"A caravan guard's duty is clear: protect the cargo, no matter the cost.",,,Alpha,https://static-content.azuki.com/tcg/card_art/S1-AZK01-005_Caravan-Guard_E_UC_die.jpg,,azuki_tcg_official_gallery:S1-AZK01-005_Caravan-Guard_E_UC_die,alpha_master_sheet_crosswalk,S1-AZK01-005_Caravan-Guard_E_UC_die,Booster,https://static-content.azuki.com/tcg/card_art/S1-AZK01-005_Caravan-Guard_E_UC_die.jpg,linked_alpha_master_sheet; official_gallery_image_url,SUBTYPE_3; PLUS_ATK; REF_IP2; REF_ID2; E_2; E_2_TEXT; DEFINITION_TEXT; RULING_TEXT; ALT_IMG,sheet_sourced
AZK01-006,2,Gus,Neutral,Entity,BEANZ,Trickster,,1,1,1,,BEANZ,53,,,R,nJoo,When Attacked,You may return this card to your hand.,,,"Real G's move in silence, like lasagna.",,,Alpha,https://static-content.azuki.com/tcg/card_art/S1-AZK01-006_Gus_E_R_die.jpg,,azuki_tcg_official_gallery:S1-AZK01-006_Gus_E_R_die,alpha_master_sheet_crosswalk,S1-AZK01-006_Gus_E_R_die,Booster,https://static-content.azuki.com/tcg/card_art/S1-AZK01-006_Gus_E_R_die.jpg,linked_alpha_master_sheet; official_gallery_image_url,SUBTYPE_3; PLUS_ATK; REF_IP2; REF_ID2; E_2; E_2_TEXT; DEFINITION_TEXT; RULING_TEXT; ALT_IMG,sheet_sourced
AZK01-007,2,Johnny,Neutral,Entity,BEANZ,Invigorate,,0,1,1,,BEANZ,98,,,C,Volta,On Play,Give an entity in your Garden +1 attack until the end of the turn.,,,Understand the grind or get left in the drip. Move it!,,,Alpha,https://static-content.azuki.com/tcg/card_art/S1-AZK01-007_Johnny_E_C_die.jpg,,azuki_tcg_official_gallery:S1-AZK01-007_Johnny_E_C_die,alpha_master_sheet_crosswalk,S1-AZK01-007_Johnny_E_C_die,Booster,https://static-content.azuki.com/tcg/card_art/S1-AZK01-007_Johnny_E_C_die.jpg,linked_alpha_master_sheet; official_gallery_image_url,SUBTYPE_3; PLUS_ATK; REF_IP2; REF_ID2; E_2; E_2_TEXT; DEFINITION_TEXT; RULING_TEXT; ALT_IMG,sheet_sourced
AZK01-008,3,Rainy Day Assassin,Neutral,Entity,Assassin,,,1,2,1,,Azuki,171,,,C,Tomugi,On Play,You may sacrifice this card: Destroy an entity with a cost of ❸ or less in your opponent's Garden.,,,,,,Alpha,https://static-content.azuki.com/tcg/card_art/S1-AZK01-008_Rainy-Day-Assassin_E_C_die.jpg,,azuki_tcg_official_gallery:S1-AZK01-008_Rainy-Day-Assassin_E_C_die,alpha_master_sheet_crosswalk,S1-AZK01-008_Rainy-Day-Assassin_E_C_die,Booster,https://static-content.azuki.com/tcg/card_art/S1-AZK01-008_Rainy-Day-Assassin_E_C_die.jpg,linked_alpha_master_sheet; official_gallery_image_url,SUBTYPE_2; SUBTYPE_3; PLUS_ATK; REF_IP2; REF_ID2; E_2; E_2_TEXT; F_TEXT; DEFINITION_TEXT; RULING_TEXT; ALT_IMG,sheet_sourced
AZK01-009,1,The Red Bean,Neutral,Spell,Legendary Bean,,,,,,,,,,,R,Azuki TCG,Main,Give an entity with a cost of ❹ or less Charge.,,,,Charge,Spell,Alpha,https://static-content.azuki.com/tcg/card_art/S1-AZK01-009_The-Red-Bean_S_R_die.jpg,,azuki_tcg_official_gallery:S1-AZK01-009_The-Red-Bean_S_R_die,alpha_master_sheet_crosswalk,S1-AZK01-009_The-Red-Bean_S_R_die,Booster,https://static-content.azuki.com/tcg/card_art/S1-AZK01-009_The-Red-Bean_S_R_die.jpg,linked_alpha_master_sheet; official_gallery_image_url,SUBTYPE_2; SUBTYPE_3; GATE_PWR; ATK; HP; PLUS_ATK; REF_IP; REF_ID; REF_IP2; REF_ID2; E_2; E_2_TEXT; F_TEXT; ALT_IMG,sheet_sourced
AZK01-010,3,JD,Neutral,Entity,Dawnling,JD,,1,1,2,,Azuki,55,,,C,Skycrow,,"If you only have NeutralElementIcon entities in your Garden, this card has +2 attack.",,,"Music's flowin', wheels keep rollin', sun's up high and the vibe's still golden.",,,Alpha,https://static-content.azuki.com/tcg/card_art/S1-AZK01-010_JD_E_C_die.jpg,,azuki_tcg_official_gallery:S1-AZK01-010_JD_E_C_die,alpha_master_sheet_crosswalk,S1-AZK01-010_JD_E_C_die,Booster,https://static-content.azuki.com/tcg/card_art/S1-AZK01-010_JD_E_C_die.jpg,linked_alpha_master_sheet; official_gallery_image_url,SUBTYPE_3; PLUS_ATK; REF_IP2; REF_ID2; E_1; E_2; E_2_TEXT; DEFINITION_TEXT; RULING_TEXT; ALT_IMG,sheet_sourced
AZK01-011,3,Rooftop Hunter,Neutral,Entity,Steelborn,,,1,2,1,,Azuki,92,,,C,Volta,Charge,,Garden Only Ability,"If this card is untapped at the end of your turn, sacrifice it.","The hunt doesn't start with noise, it starts with silence.",Charge,,Alpha,https://static-content.azuki.com/tcg/card_art/S1-AZK01-011_Rooftop-Hunter_E_C_die.jpg,,azuki_tcg_official_gallery:S1-AZK01-011_Rooftop-Hunter_E_C_die,alpha_master_sheet_crosswalk,S1-AZK01-011_Rooftop-Hunter_E_C_die,Booster,https://static-content.azuki.com/tcg/card_art/S1-AZK01-011_Rooftop-Hunter_E_C_die.jpg,linked_alpha_master_sheet; official_gallery_image_url,SUBTYPE_2; SUBTYPE_3; PLUS_ATK; REF_IP2; REF_ID2; E_1_TEXT; RULING_TEXT; ALT_IMG,sheet_sourced
AZK01-012,4,Ed,Neutral,Entity,BEANZ,,,1,3,3,,BEANZ,141,,,C,Pandart Studio,,,,,"Pain makes Ed grow. Growing is what Ed wants. Therefore, for Ed, pain is pleasure.",,,Alpha,https://static-content.azuki.com/tcg/card_art/S1-AZK01-012_Ed_E_C_die.jpg,,azuki_tcg_official_gallery:S1-AZK01-012_Ed_E_C_die,alpha_master_sheet_crosswalk,S1-AZK01-012_Ed_E_C_die,Booster,https://static-content.azuki.com/tcg/card_art/S1-AZK01-012_Ed_E_C_die.jpg,linked_alpha_master_sheet; official_gallery_image_url,SUBTYPE_2; SUBTYPE_3; PLUS_ATK; REF_IP2; REF_ID2; E_1; E_1_TEXT; E_2; E_2_TEXT; DEFINITION_TEXT; RULING_TEXT; ALT_IMG,sheet_sourced
AZK01-013,5,Gou the Iron Judge,Neutral,Entity,Fatedealer,,,1,3,3,,Azuki,83,,,UC,Azuki Art Team,On Play,Your opponent chooses 1— • Sacrifice an entity in their Garden. • Discard 2.,,,,,,Alpha,https://static-content.azuki.com/tcg/card_art/S1-AZK01-013_Gou-the-Iron-Judge_E_UC_die.jpg,,azuki_tcg_official_gallery:S1-AZK01-013_Gou-the-Iron-Judge_E_UC_die,alpha_master_sheet_crosswalk,S1-AZK01-013_Gou-the-Iron-Judge_E_UC_die,Booster,https://static-content.azuki.com/tcg/card_art/S1-AZK01-013_Gou-the-Iron-Judge_E_UC_die.jpg,linked_alpha_master_sheet; official_gallery_image_url,SUBTYPE_2; SUBTYPE_3; PLUS_ATK; REF_IP2; REF_ID2; E_2; E_2_TEXT; F_TEXT; DEFINITION_TEXT; RULING_TEXT; ALT_IMG,sheet_sourced
AZK01-014,5,Trade Guild Cavalry,Neutral,Entity,Samurai,Invigorate,,2,3,3,,Azuki,70,,,R,Tomugi,When Attacking,Give another entity in your Garden +2 attack until the end of your turn.,,,,,,Alpha,https://static-content.azuki.com/tcg/card_art/S1-AZK01-014_Trade-Guild-Cavalry_E_R_die.jpg,,azuki_tcg_official_gallery:S1-AZK01-014_Trade-Guild-Cavalry_E_R_die,alpha_master_sheet_crosswalk,S1-AZK01-014_Trade-Guild-Cavalry_E_R_die,Booster,https://static-content.azuki.com/tcg/card_art/S1-AZK01-014_Trade-Guild-Cavalry_E_R_die.jpg,linked_alpha_master_sheet; official_gallery_image_url,SUBTYPE_3; PLUS_ATK; REF_IP2; REF_ID2; E_2; E_2_TEXT; F_TEXT; DEFINITION_TEXT; RULING_TEXT; ALT_IMG,sheet_sourced
AZK01-015,6,Mo,Neutral,Entity,Dawnling,Fox Fire,,1,4,4,,Azuki,4885,,,SR,Pandart Studio,On Play,If your leader is— • WaterElementIcon: untap 1 IKZ. • EarthElementIcon: heal 2 to your leader. • LightningElementIcon: gain Charge. • FireElementIcon: deal 2 damage to target leader.,,,,Charge,,Alpha,https://static-content.azuki.com/tcg/card_art/S1-AZK01-015_Mo_E_SR_die.jpg,,azuki_tcg_official_gallery:S1-AZK01-015_Mo_E_SR_die,alpha_master_sheet_crosswalk,S1-AZK01-015_Mo_E_SR_die,Booster,https://static-content.azuki.com/tcg/card_art/S1-AZK01-015_Mo_E_SR_die.jpg,linked_alpha_master_sheet; official_gallery_image_url,SUBTYPE_3; PLUS_ATK; REF_IP2; REF_ID2; E_2; E_2_TEXT; F_TEXT; RULING_TEXT; ALT_IMG,sheet_sourced
AZK01-016,1,Sleight of Hand,Neutral,Spell,Trickster,,,,,,,Azuki,157,,,C,Volta,Main,"Draw 2, then discard 2.",,,"A blink of an eye, and the impossible becomes possible.",,Spell,Alpha,https://static-content.azuki.com/tcg/card_art/S1-AZK01-016_Sleight-of-Hand_S_C_die.jpg,,azuki_tcg_official_gallery:S1-AZK01-016_Sleight-of-Hand_S_C_die,alpha_master_sheet_crosswalk,S1-AZK01-016_Sleight-of-Hand_S_C_die,Booster,https://static-content.azuki.com/tcg/card_art/S1-AZK01-016_Sleight-of-Hand_S_C_die.jpg,linked_alpha_master_sheet; official_gallery_image_url,SUBTYPE_2; SUBTYPE_3; GATE_PWR; ATK; HP; PLUS_ATK; REF_IP2; REF_ID2; E_2; E_2_TEXT; DEFINITION_TEXT; ALT_IMG,sheet_sourced
AZK01-017,2,Hook Sword Strike,Neutral,Spell,Steelborn,,,,,,,Azuki,11,,,UC,Volta,Main,Deal up to 1 damage to an entity in any Garden and up to 1 damage to a leader.,,,Two blades flash in unison. No target slips through.,,Spell,Alpha,https://static-content.azuki.com/tcg/card_art/S1-AZK01-017_Hook-Sword-Strike_S_UC_die.jpg,,azuki_tcg_official_gallery:S1-AZK01-017_Hook-Sword-Strike_S_UC_die,alpha_master_sheet_crosswalk,S1-AZK01-017_Hook-Sword-Strike_S_UC_die,Booster,https://static-content.azuki.com/tcg/card_art/S1-AZK01-017_Hook-Sword-Strike_S_UC_die.jpg,linked_alpha_master_sheet; official_gallery_image_url,SUBTYPE_2; SUBTYPE_3; GATE_PWR; ATK; HP; PLUS_ATK; REF_IP2; REF_ID2; E_2; E_2_TEXT; DEFINITION_TEXT; ALT_IMG,sheet_sourced
AZK01-018,4,Monk Staff of Warding,Neutral,Weapon,Staff,,,,,,3,,,,,C,Pandart Studio,,Leaders equipped with this card take 1 less damage from combat.,,,"More than aggression, the staff is a shield for the innocent and a barrier against darkness.",,,Alpha,https://static-content.azuki.com/tcg/card_art/S1-AZK01-018_Monk-Staff-of-Warding_W_C_die.jpg,,azuki_tcg_official_gallery:S1-AZK01-018_Monk-Staff-of-Warding_W_C_die,alpha_master_sheet_crosswalk,S1-AZK01-018_Monk-Staff-of-Warding_W_C_die,Booster,https://static-content.azuki.com/tcg/card_art/S1-AZK01-018_Monk-Staff-of-Warding_W_C_die.jpg,linked_alpha_master_sheet; official_gallery_image_url,SUBTYPE_2; SUBTYPE_3; GATE_PWR; ATK; HP; REF_IP; REF_ID; REF_IP2; REF_ID2; E_1; E_2; E_2_TEXT; DEFINITION_TEXT; RULING_TEXT; ALT_IMG,sheet_sourced
AZK01-019,3,Jay,Neutral,Entity,BEANZ,,,1,2,1,,BEANZ,101,,,C,nJoo,,"If you only have NeutralElementIcon entities in your Garden, this card has +2 health.",,,,,,Alpha,https://static-content.azuki.com/tcg/card_art/S1-AZK01-019_Jay_E_C_die.jpg,,azuki_tcg_official_gallery:S1-AZK01-019_Jay_E_C_die,alpha_master_sheet_crosswalk,S1-AZK01-019_Jay_E_C_die,Booster,https://static-content.azuki.com/tcg/card_art/S1-AZK01-019_Jay_E_C_die.jpg,linked_alpha_master_sheet; official_gallery_image_url,SUBTYPE_2; SUBTYPE_3; PLUS_ATK; REF_IP2; REF_ID2; E_1; E_2; E_2_TEXT; F_TEXT; DEFINITION_TEXT; RULING_TEXT; ALT_IMG,sheet_sourced
AZK01-020,3,Power of Friendship,Neutral,Spell,BEANZ,JD,,,,,,Azuki,157,BEANZ,101,R,Skycrow,Main,Give 2 entities in your Garden each +1 attack until the end of the turn.,Response,Give 2 entities in your Garden each +1 health until the end of the turn.,,,Response,Alpha,https://static-content.azuki.com/tcg/card_art/S1-AZK01-020_Power-of-Friendship_S_R_die.jpg,,azuki_tcg_official_gallery:S1-AZK01-020_Power-of-Friendship_S_R_die,alpha_master_sheet_crosswalk,S1-AZK01-020_Power-of-Friendship_S_R_die,Booster,https://static-content.azuki.com/tcg/card_art/S1-AZK01-020_Power-of-Friendship_S_R_die.jpg,linked_alpha_master_sheet; official_gallery_image_url,SUBTYPE_3; GATE_PWR; ATK; HP; PLUS_ATK; F_TEXT; DEFINITION_TEXT; ALT_IMG,sheet_sourced
AZK01-021,1,Mizuto,Water,Entity,Wavecaller,,,1,1,1,,,,,,C,Pandart Studio,On Play,"Look at the top 5 cards of your deck, reveal up to 1 Driftward card and add it to your hand, then bottom deck the rest in any order.",,,"Remember, Maho: Cast wide, and hold tight to catch that turns the tide.",,,Alpha,https://static-content.azuki.com/tcg/card_art/S1-AZK01-021_Mizuto_E_C_die.jpg,,azuki_tcg_official_gallery:S1-AZK01-021_Mizuto_E_C_die,alpha_master_sheet_crosswalk,S1-AZK01-021_Mizuto_E_C_die,Booster,https://static-content.azuki.com/tcg/card_art/S1-AZK01-021_Mizuto_E_C_die.jpg,linked_alpha_master_sheet; official_gallery_image_url,SUBTYPE_2; SUBTYPE_3; PLUS_ATK; REF_IP; REF_ID; REF_IP2; REF_ID2; E_2; E_2_TEXT; DEFINITION_TEXT; RULING_TEXT; ALT_IMG,sheet_sourced
AZK01-022,2,Mirage Frog,Water,Entity,Frog,Watercrafting,Rippleborn,1,1,2,,,,,,UC,Pandart Studio,On Play,You may discard 1: Return an entity with a cost of ❷ or less in any Garden to its owner's hand.,,,,,,Alpha,https://static-content.azuki.com/tcg/card_art/S1-AZK01-022_Mirage-Frog_E_UC_die.jpg,,azuki_tcg_official_gallery:S1-AZK01-022_Mirage-Frog_E_UC_die,alpha_master_sheet_crosswalk,S1-AZK01-022_Mirage-Frog_E_UC_die,Booster,https://static-content.azuki.com/tcg/card_art/S1-AZK01-022_Mirage-Frog_E_UC_die.jpg,linked_alpha_master_sheet; official_gallery_image_url,PLUS_ATK; REF_IP; REF_ID; REF_IP2; REF_ID2; E_2; E_2_TEXT; F_TEXT; DEFINITION_TEXT; RULING_TEXT; ALT_IMG,sheet_sourced
AZK01-023,3,Maho,Water,Entity,Wavecaller,,,1,1,2,,,,,,C,Pandart Studio,Garden Only Ability,,End of Your Turn,"If you have 2 or less cards in your hand, draw 1.","Out here with big bro, the horizon always feels within reach.",,,Alpha,https://static-content.azuki.com/tcg/card_art/S1-AZK01-023_Maho_E_C_die.jpg,,azuki_tcg_official_gallery:S1-AZK01-023_Maho_E_C_die,alpha_master_sheet_crosswalk,S1-AZK01-023_Maho_E_C_die,Booster,https://static-content.azuki.com/tcg/card_art/S1-AZK01-023_Maho_E_C_die.jpg,linked_alpha_master_sheet; official_gallery_image_url,SUBTYPE_2; SUBTYPE_3; PLUS_ATK; REF_IP; REF_ID; REF_IP2; REF_ID2; E_1_TEXT; DEFINITION_TEXT; RULING_TEXT; ALT_IMG,sheet_sourced
AZK01-024,3,Fumiko,Water,Entity,Watercrafting,Water Painter,,1,1,2,,,,,,UC,Azuki Art Team,On Play,You may return an entity in your Garden to your hand: Play an entity with a cost of ❷ or less from your hand.,,,"With every stroke, the water flows and bends to my will.",,,Alpha,https://static-content.azuki.com/tcg/card_art/S1-AZK01-024_Fumiko_E_UC_die.jpg,,azuki_tcg_official_gallery:S1-AZK01-024_Fumiko_E_UC_die,alpha_master_sheet_crosswalk,S1-AZK01-024_Fumiko_E_UC_die,Booster,https://static-content.azuki.com/tcg/card_art/S1-AZK01-024_Fumiko_E_UC_die.jpg,linked_alpha_master_sheet; official_gallery_image_url,SUBTYPE_3; PLUS_ATK; REF_IP; REF_ID; REF_IP2; REF_ID2; E_2; E_2_TEXT; DEFINITION_TEXT; RULING_TEXT; ALT_IMG,sheet_sourced
AZK01-025,4,Lighthouse Keeper,Water,Entity,Elder,Driftward,,0,0,3,,,,,,UC,Pandart Studio,Defender,This card cannot take damage from card effects.,,,"Through wind and rain, the light must shine for those who sail home.",Defender,,Alpha,https://static-content.azuki.com/tcg/card_art/S1-AZK01-025_Lighthouse-Keeper_E_UC_die.jpg,,azuki_tcg_official_gallery:S1-AZK01-025_Lighthouse-Keeper_E_UC_die,alpha_master_sheet_crosswalk,S1-AZK01-025_Lighthouse-Keeper_E_UC_die,Booster,https://static-content.azuki.com/tcg/card_art/S1-AZK01-025_Lighthouse-Keeper_E_UC_die.jpg,linked_alpha_master_sheet; official_gallery_image_url,SUBTYPE_3; PLUS_ATK; REF_IP; REF_ID; REF_IP2; REF_ID2; E_2; E_2_TEXT; RULING_TEXT; ALT_IMG,sheet_sourced
AZK01-026,5,Moonlit Crane,Water,Entity,Bird,Driftward,Rippleborn,2,3,3,,,,,,C,Pandart Studio,Response,,Once/Turn,You may discard 1: Reduce a leader's or an entity's attack by 1 until the end of the turn.,"In the hush of night, it's presence is both ethereal and eternal.",,,Alpha,https://static-content.azuki.com/tcg/card_art/S1-AZK01-026_Moonlit-Crane_E_C_die.jpg,,azuki_tcg_official_gallery:S1-AZK01-026_Moonlit-Crane_E_C_die,alpha_master_sheet_crosswalk,S1-AZK01-026_Moonlit-Crane_E_C_die,Booster,https://static-content.azuki.com/tcg/card_art/S1-AZK01-026_Moonlit-Crane_E_C_die.jpg,linked_alpha_master_sheet; official_gallery_image_url,PLUS_ATK; REF_IP; REF_ID; REF_IP2; REF_ID2; E_1_TEXT; DEFINITION_TEXT; RULING_TEXT; ALT_IMG,sheet_sourced
AZK01-027,6,Kaiya Mizumi,Water,Entity,Wavecaller,,,3,4,4,,,,,,R,Comiccho,On Play,You may discard any number of cards: Draw that many cards,,,,,,Alpha,https://static-content.azuki.com/tcg/card_art/S1-AZK01-027_Kaiya-Mizumi_E_R_die.jpg,,azuki_tcg_official_gallery:S1-AZK01-027_Kaiya-Mizumi_E_R_die,alpha_master_sheet_crosswalk,S1-AZK01-027_Kaiya-Mizumi_E_R_die,Booster,https://static-content.azuki.com/tcg/card_art/S1-AZK01-027_Kaiya-Mizumi_E_R_die.jpg,linked_alpha_master_sheet; official_gallery_image_url,SUBTYPE_2; SUBTYPE_3; PLUS_ATK; REF_IP; REF_ID; REF_IP2; REF_ID2; E_2; E_2_TEXT; F_TEXT; DEFINITION_TEXT; RULING_TEXT; ALT_IMG,sheet_sourced
AZK01-028,8,Soryu no Rin,Water,Entity,Wavecaller,Watercrating,,2,7,7,,Azuki,0,,,SR,Comiccho,On Play,You must discard your hand: Return all other entities in each player's Garden to their owner's hands.,,,"I am the strom before the calm, the wave that breaks all defenses.",,,Alpha,https://static-content.azuki.com/tcg/card_art/AZK01-028A_Soryu-no-Rin_E_SR_Die.jpg,,azuki_tcg_official_gallery:AZK01-028A_Soryu-no-Rin_E_SR_Die,alpha_master_sheet_crosswalk,AZK01-028A_Soryu-no-Rin_E_SR_Die,Alpha,https://static-content.azuki.com/tcg/card_art/AZK01-028A_Soryu-no-Rin_E_SR_Die.jpg,linked_alpha_master_sheet; official_gallery_image_url,SUBTYPE_3; PLUS_ATK; REF_IP2; REF_ID2; E_2; E_2_TEXT; DEFINITION_TEXT; RULING_TEXT; ALT_IMG,sheet_sourced
AZK01-028,8,Soryu no Rin,Water,Entity,Wavecaller,Watercrating,,2,7,7,,Azuki,0,,,SR,Comiccho,On Play,You must discard your hand: Return all other entities in each player's Garden to their owner's hands.,,,"I am the strom before the calm, the wave that breaks all defenses.",,,Alpha,https://static-content.azuki.com/tcg/card_art/S1-AZK01-028_Soryu-no-Rin_E_SR_die.jpg,,azuki_tcg_official_gallery:S1-AZK01-028_Soryu-no-Rin_E_SR_die,alpha_master_sheet_crosswalk,S1-AZK01-028_Soryu-no-Rin_E_SR_die,Booster,https://static-content.azuki.com/tcg/card_art/S1-AZK01-028_Soryu-no-Rin_E_SR_die.jpg,linked_alpha_master_sheet; official_gallery_image_url,SUBTYPE_3; PLUS_ATK; REF_IP2; REF_ID2; E_2; E_2_TEXT; DEFINITION_TEXT; RULING_TEXT; ALT_IMG,sheet_sourced
AZK01-029,0,Aquatic Veil,Water,Spell,Aquashield,,,,,,,,,,,R,Pandart Studio,Response,Discard 2: Reduce a leader's or an entity's attack by 3 until the end of the turn.,,,Let the currents sap your will and weaken your strike.,,Response,Alpha,https://static-content.azuki.com/tcg/card_art/S1-AZK01-029_Aquatic-Veil_S_R_die.jpg,,azuki_tcg_official_gallery:S1-AZK01-029_Aquatic-Veil_S_R_die,alpha_master_sheet_crosswalk,S1-AZK01-029_Aquatic-Veil_S_R_die,Booster,https://static-content.azuki.com/tcg/card_art/S1-AZK01-029_Aquatic-Veil_S_R_die.jpg,linked_alpha_master_sheet; official_gallery_image_url,SUBTYPE_2; SUBTYPE_3; GATE_PWR; ATK; HP; PLUS_ATK; REF_IP; REF_ID; REF_IP2; REF_ID2; E_2; E_2_TEXT; DEFINITION_TEXT; ALT_IMG,sheet_sourced
AZK01-030,1,Lotus of Paradise,Water,Spell,Watercrafting,Lotus,,,,,,,,,,C,Pandart Studio,Response,Untap up to 2 IKZ.,,,"The lotus of Paradise blooms where peace reigns, its petals unlocking the soul's true light.",,Response,Alpha,https://static-content.azuki.com/tcg/card_art/S1-AZK01-030_Lotus-of-Paradise_S_C_die.jpg,,azuki_tcg_official_gallery:S1-AZK01-030_Lotus-of-Paradise_S_C_die,alpha_master_sheet_crosswalk,S1-AZK01-030_Lotus-of-Paradise_S_C_die,Booster,https://static-content.azuki.com/tcg/card_art/S1-AZK01-030_Lotus-of-Paradise_S_C_die.jpg,linked_alpha_master_sheet; official_gallery_image_url,SUBTYPE_3; GATE_PWR; ATK; HP; PLUS_ATK; REF_IP; REF_ID; REF_IP2; REF_ID2; E_2; E_2_TEXT; DEFINITION_TEXT; ALT_IMG,sheet_sourced
AZK01-031,1,Tidal Insight,Water,Spell,Sirencall,,,,,,,,,,,UC,Pandart Studio,Main,"Look at the top 3 cards of your deck, reveal up to 1 WaterElementIcon card and add it to your hand, then put the rest on the top or bottom of your deck in any order",,,,,Spell,Alpha,https://static-content.azuki.com/tcg/card_art/S1-AZK01-031_Tidal-Insight_S_UC_die.jpg,,azuki_tcg_official_gallery:S1-AZK01-031_Tidal-Insight_S_UC_die,alpha_master_sheet_crosswalk,S1-AZK01-031_Tidal-Insight_S_UC_die,Booster,https://static-content.azuki.com/tcg/card_art/S1-AZK01-031_Tidal-Insight_S_UC_die.jpg,linked_alpha_master_sheet; official_gallery_image_url,SUBTYPE_2; SUBTYPE_3; GATE_PWR; ATK; HP; PLUS_ATK; REF_IP; REF_ID; REF_IP2; REF_ID2; E_2; E_2_TEXT; F_TEXT; DEFINITION_TEXT; ALT_IMG,sheet_sourced
AZK01-032,3,Rippling Recall,Water,Spell,Watercrafting,,,,,,,,,,,C,Pandart Studio,Main,Return an entity with a cost of 2 or less in your Garden to your hand: Return up to 1 entity with a cost of 4 or less in your opponent's Garden to its owner's hand.,,,,,Spell,Alpha,https://static-content.azuki.com/tcg/card_art/S1-AZK01-032_Rippling-Recall_S_C_die.jpg,,azuki_tcg_official_gallery:S1-AZK01-032_Rippling-Recall_S_C_die,alpha_master_sheet_crosswalk,S1-AZK01-032_Rippling-Recall_S_C_die,Booster,https://static-content.azuki.com/tcg/card_art/S1-AZK01-032_Rippling-Recall_S_C_die.jpg,linked_alpha_master_sheet; official_gallery_image_url,SUBTYPE_2; SUBTYPE_3; GATE_PWR; ATK; HP; PLUS_ATK; REF_IP; REF_ID; REF_IP2; REF_ID2; E_2; E_2_TEXT; F_TEXT; DEFINITION_TEXT; ALT_IMG,sheet_sourced
AZK01-033,1,Elder Hoshin,Lightning,Entity,Monk,Stormcaller,,1,1,1,,,,,,C,nJoo,On Play,"Look at the top 5 cards of your deck, reveal up to 1 Steelborn card and add it to your hand, then bottom deck the rest in any order.",,,"With every pulse of lightning, fate unravels before his third eye.",,,Alpha,https://static-content.azuki.com/tcg/card_art/S1-AZK01-033_Elder-Hoshin_E_C_die.jpg,,azuki_tcg_official_gallery:S1-AZK01-033_Elder-Hoshin_E_C_die,alpha_master_sheet_crosswalk,S1-AZK01-033_Elder-Hoshin_E_C_die,Booster,https://static-content.azuki.com/tcg/card_art/S1-AZK01-033_Elder-Hoshin_E_C_die.jpg,linked_alpha_master_sheet; official_gallery_image_url,SUBTYPE_3; PLUS_ATK; REF_IP; REF_ID; REF_IP2; REF_ID2; E_2; E_2_TEXT; DEFINITION_TEXT; RULING_TEXT; ALT_IMG,sheet_sourced
AZK01-034,2,Kira,Lightning,Entity,Voltguard,,,1,1,1,,,,,,C,Comiccho,Alley Only Ability,"When an entity in your Garden is attacked, you may swap that entity and this card, then make this card the new attack target.",,,Let the current decide your fate.,,,Alpha,https://static-content.azuki.com/tcg/card_art/S1-AZK01-034_Kira_E_C_die.jpg,,azuki_tcg_official_gallery:S1-AZK01-034_Kira_E_C_die,alpha_master_sheet_crosswalk,S1-AZK01-034_Kira_E_C_die,Booster,https://static-content.azuki.com/tcg/card_art/S1-AZK01-034_Kira_E_C_die.jpg,linked_alpha_master_sheet; official_gallery_image_url,SUBTYPE_2; SUBTYPE_3; PLUS_ATK; REF_IP; REF_ID; REF_IP2; REF_ID2; E_2; E_2_TEXT; DEFINITION_TEXT; RULING_TEXT; ALT_IMG,sheet_sourced
AZK01-035,2,Raimaru the Stolen,Lightning,Entity,Cat,Statue,Voltguard,0,1,1,,,,,,UC,Pandart Studio,Defender,,Response,This card can be played as a Response,,Defender,,Alpha,https://static-content.azuki.com/tcg/card_art/S1-AZK01-035_Raimaru-the-Stolen_E_UC_die.jpg,,azuki_tcg_official_gallery:S1-AZK01-035_Raimaru-the-Stolen_E_UC_die,alpha_master_sheet_crosswalk,S1-AZK01-035_Raimaru-the-Stolen_E_UC_die,Booster,https://static-content.azuki.com/tcg/card_art/S1-AZK01-035_Raimaru-the-Stolen_E_UC_die.jpg,linked_alpha_master_sheet; official_gallery_image_url,PLUS_ATK; REF_IP; REF_ID; REF_IP2; REF_ID2; E_1_TEXT; F_TEXT; RULING_TEXT; ALT_IMG,sheet_sourced
AZK01-036,3,Denmu,Lightning,Entity,Bat,Shockcoil,,1,2,2,,,,,,UC,Pandart Studio,When Attacked,The attacking leader or entity becomes shocked,,,Stunned by the echo of terror's wings.,Shocked,,Alpha,https://static-content.azuki.com/tcg/card_art/S1-AZK01-036_Denmu_E_UC_die.jpg,,azuki_tcg_official_gallery:S1-AZK01-036_Denmu_E_UC_die,alpha_master_sheet_crosswalk,S1-AZK01-036_Denmu_E_UC_die,Booster,https://static-content.azuki.com/tcg/card_art/S1-AZK01-036_Denmu_E_UC_die.jpg,linked_alpha_master_sheet; official_gallery_image_url,SUBTYPE_3; PLUS_ATK; REF_IP; REF_ID; REF_IP2; REF_ID2; E_2; E_2_TEXT; RULING_TEXT; ALT_IMG,sheet_sourced
AZK01-037,4,Stormcaller Tenkichi,Lightning,Entity,Riftwalk,Stormcaller,,0,3,3,,Elementals,17551,,,R,Pandart Studio,Charge,This card can attack entities in your opponent's Alley.,,,Let the skies break open and the storm consume.,Charge,,Alpha,https://static-content.azuki.com/tcg/card_art/S1-AZK01-037_Stormcaller-Tenkichi_E_R_die.jpg,,azuki_tcg_official_gallery:S1-AZK01-037_Stormcaller-Tenkichi_E_R_die,alpha_master_sheet_crosswalk,S1-AZK01-037_Stormcaller-Tenkichi_E_R_die,Booster,https://static-content.azuki.com/tcg/card_art/S1-AZK01-037_Stormcaller-Tenkichi_E_R_die.jpg,linked_alpha_master_sheet; official_gallery_image_url,SUBTYPE_3; PLUS_ATK; REF_IP2; REF_ID2; E_2; E_2_TEXT; RULING_TEXT; ALT_IMG,sheet_sourced
AZK01-038,3,Riven Flashborne,Lightning,Entity,Riftwalk,,,1,2,2,,,,,,R,DKANG!,,This card can attack entities in your opponent's Alley.,,,"Speed's my game and lightning's my fuel! Together, we're unstoppable!",,,Alpha,https://static-content.azuki.com/tcg/card_art/S1-AZK01-038_Riven-Flashborne_E_R_die.jpg,,azuki_tcg_official_gallery:S1-AZK01-038_Riven-Flashborne_E_R_die,alpha_master_sheet_crosswalk,S1-AZK01-038_Riven-Flashborne_E_R_die,Booster,https://static-content.azuki.com/tcg/card_art/S1-AZK01-038_Riven-Flashborne_E_R_die.jpg,linked_alpha_master_sheet; official_gallery_image_url,SUBTYPE_2; SUBTYPE_3; PLUS_ATK; REF_IP; REF_ID; REF_IP2; REF_ID2; E_1; E_2; E_2_TEXT; DEFINITION_TEXT; RULING_TEXT; ALT_IMG,sheet_sourced
AZK01-039,4,Piko,Lightning,Entity,Cat,Steelborn,,0,2,3,,,,,,C,Nohgo,When Equipped,Gain Charge,Charge,,,Charge,,Alpha,https://static-content.azuki.com/tcg/card_art/S1-AZK01-039_Piko_E_C_die.jpg,,azuki_tcg_official_gallery:S1-AZK01-039_Piko_E_C_die,alpha_master_sheet_crosswalk,S1-AZK01-039_Piko_E_C_die,Booster,https://static-content.azuki.com/tcg/card_art/S1-AZK01-039_Piko_E_C_die.jpg,linked_alpha_master_sheet; official_gallery_image_url,SUBTYPE_3; PLUS_ATK; REF_IP; REF_ID; REF_IP2; REF_ID2; E_2_TEXT; F_TEXT; RULING_TEXT; ALT_IMG,sheet_sourced
AZK01-040,5,Black Jade Vault Master,Lightning,Entity,Tiger,Black Jade,Voltguard,2,1,3,,,,,,UC,Pandart Studio,Defender,,When Attacked,Deal up to 1 damage to a leader.,,Defender,,Alpha,https://static-content.azuki.com/tcg/card_art/S1-AZK01-040_Black-Jade-Vault-Master_E_UC_die.jpg,,azuki_tcg_official_gallery:S1-AZK01-040_Black-Jade-Vault-Master_E_UC_die,alpha_master_sheet_crosswalk,S1-AZK01-040_Black-Jade-Vault-Master_E_UC_die,Booster,https://static-content.azuki.com/tcg/card_art/S1-AZK01-040_Black-Jade-Vault-Master_E_UC_die.jpg,linked_alpha_master_sheet; official_gallery_image_url,PLUS_ATK; REF_IP; REF_ID; REF_IP2; REF_ID2; E_1_TEXT; F_TEXT; RULING_TEXT; ALT_IMG,sheet_sourced
AZK01-041,8,Wu Cha,Lightning,Entity,Steelborn,Fox Fire,,2,7,7,,Azuki,2851,,,SR,Pandart Studio,On Play,1 IKZ: Equip up to 2 Weapon cards with a cost of 2 or less from your discard pile to this card.,,,,,,Alpha,https://static-content.azuki.com/tcg/card_art/S1-AZK01-041_Wu-Cha_E_SR_die.jpg,,azuki_tcg_official_gallery:S1-AZK01-041_Wu-Cha_E_SR_die,alpha_master_sheet_crosswalk,S1-AZK01-041_Wu-Cha_E_SR_die,Booster,https://static-content.azuki.com/tcg/card_art/S1-AZK01-041_Wu-Cha_E_SR_die.jpg,linked_alpha_master_sheet; official_gallery_image_url,SUBTYPE_3; PLUS_ATK; REF_IP2; REF_ID2; E_2; E_2_TEXT; F_TEXT; DEFINITION_TEXT; RULING_TEXT; ALT_IMG,sheet_sourced
AZK01-042,5,Thunderclap,Lightning,Spell,Stormcaller,,,,,,,,,,,SR,Tomugi,Main,"Deal 3 damage, 2 damage, and 1 damage to 3 different entities in your opponent's Garden.",,,"Just like we practiced, my little friend...ready? Big clap!",,Spell,Alpha,https://static-content.azuki.com/tcg/card_art/AZK01-042A_Thunderclap_S_SR_TEX2_Die.jpg,,azuki_tcg_official_gallery:AZK01-042A_Thunderclap_S_SR_TEX2_Die,alpha_master_sheet_crosswalk,AZK01-042A_Thunderclap_S_SR_TEX2_Die,Alpha,https://static-content.azuki.com/tcg/card_art/AZK01-042A_Thunderclap_S_SR_TEX2_Die.jpg,linked_alpha_master_sheet; official_gallery_image_url,SUBTYPE_2; SUBTYPE_3; GATE_PWR; ATK; HP; PLUS_ATK; REF_IP; REF_ID; REF_IP2; REF_ID2; E_2; E_2_TEXT; DEFINITION_TEXT; ALT_IMG,sheet_sourced
AZK01-042,5,Thunderclap,Lightning,Spell,Stormcaller,,,,,,,,,,,SR,Tomugi,Main,"Deal 3 damage, 2 damage, and 1 damage to 3 different entities in your opponent's Garden.",,,"Just like we practiced, my little friend...ready? Big clap!",,Spell,Alpha,https://static-content.azuki.com/tcg/card_art/S1-AZK01-042_Thunderclap_S_SR_die.jpg,,azuki_tcg_official_gallery:S1-AZK01-042_Thunderclap_S_SR_die,alpha_master_sheet_crosswalk,S1-AZK01-042_Thunderclap_S_SR_die,Booster,https://static-content.azuki.com/tcg/card_art/S1-AZK01-042_Thunderclap_S_SR_die.jpg,linked_alpha_master_sheet; official_gallery_image_url,SUBTYPE_2; SUBTYPE_3; GATE_PWR; ATK; HP; PLUS_ATK; REF_IP; REF_ID; REF_IP2; REF_ID2; E_2; E_2_TEXT; DEFINITION_TEXT; ALT_IMG,sheet_sourced
AZK01-043,2,Stormglass Daggers,Lightning,Weapon,Riftwalk,Dagger,,,,,1,,,,,C,Pandart Studio,,"When equipped to a leader, the leader can attack entities in your opponent's Alley.",,,How far can you flee when the daggers' reach is endless.,,Weapon,Alpha,https://static-content.azuki.com/tcg/card_art/S1-AZK01-043_Stormglass-Daggers_W_C_die.jpg,,azuki_tcg_official_gallery:S1-AZK01-043_Stormglass-Daggers_W_C_die,alpha_master_sheet_crosswalk,S1-AZK01-043_Stormglass-Daggers_W_C_die,Booster,https://static-content.azuki.com/tcg/card_art/S1-AZK01-043_Stormglass-Daggers_W_C_die.jpg,linked_alpha_master_sheet; official_gallery_image_url,SUBTYPE_3; GATE_PWR; ATK; HP; REF_IP; REF_ID; REF_IP2; REF_ID2; E_1; E_2; E_2_TEXT; DEFINITION_TEXT; ALT_IMG,sheet_sourced
AZK01-044,3,Lightning Kanabō,Lightning,Weapon,Shockcoil,,,,,,2,,,,,R,Pandart Studio,,Leaders or entities equipped with this card apply Shocked to cards they deal damage to.,,,,Shocked,Weapon,Alpha,https://static-content.azuki.com/tcg/card_art/S1-AZK01-044_Lightning-Kanabo_W_R_die.jpg,,azuki_tcg_official_gallery:S1-AZK01-044_Lightning-Kanabo_W_R_die,alpha_master_sheet_crosswalk,S1-AZK01-044_Lightning-Kanabo_W_R_die,Booster,https://static-content.azuki.com/tcg/card_art/S1-AZK01-044_Lightning-Kanabo_W_R_die.jpg,linked_alpha_master_sheet; official_gallery_image_url,SUBTYPE_2; SUBTYPE_3; GATE_PWR; ATK; HP; REF_IP; REF_ID; REF_IP2; REF_ID2; E_1; E_2; E_2_TEXT; F_TEXT; ALT_IMG,sheet_sourced
AZK01-045,1,Treetop Scout,Earth,Entity,Scout,,,1,1,1,,Elementals,1088,,,C,Volta,On Play,"Look at the top 5 cards of your deck, reveal up to 1 Obsidian card and add it to your hand, then bottom deck the rest in any order.",,,"No worries, I've got eyes on the whole forest.",,,Alpha,https://static-content.azuki.com/tcg/card_art/S1-AZK01-045_Treetop-Scout_E_C_die.jpg,,azuki_tcg_official_gallery:S1-AZK01-045_Treetop-Scout_E_C_die,alpha_master_sheet_crosswalk,S1-AZK01-045_Treetop-Scout_E_C_die,Booster,https://static-content.azuki.com/tcg/card_art/S1-AZK01-045_Treetop-Scout_E_C_die.jpg,linked_alpha_master_sheet; official_gallery_image_url,SUBTYPE_2; SUBTYPE_3; PLUS_ATK; REF_IP2; REF_ID2; E_2; E_2_TEXT; DEFINITION_TEXT; RULING_TEXT; ALT_IMG,sheet_sourced
AZK01-046,1,Mina the Geomancer,Earth,Entity,Earthfury,,,0,1,1,,Azuki,112,,,UC,Tomugi,Garden Only Ability,"When this card enters the Garden, tap it. This entity never untaps.",Start of Your Turn,Deal up to 1 damage to a leader.,"Sight is a gift, but the ground whispers truths beyond vision.",,,Alpha,https://static-content.azuki.com/tcg/card_art/S1-AZK01-046_Mina-the-Geomancer_E_UC_die.jpg,,azuki_tcg_official_gallery:S1-AZK01-046_Mina-the-Geomancer_E_UC_die,alpha_master_sheet_crosswalk,S1-AZK01-046_Mina-the-Geomancer_E_UC_die,Booster,https://static-content.azuki.com/tcg/card_art/S1-AZK01-046_Mina-the-Geomancer_E_UC_die.jpg,linked_alpha_master_sheet; official_gallery_image_url,SUBTYPE_2; SUBTYPE_3; PLUS_ATK; REF_IP2; REF_ID2; DEFINITION_TEXT; RULING_TEXT; ALT_IMG,sheet_sourced
AZK01-047,2,Shiko the Priestess,Earth,Entity,Earthwarden,,,1,1,2,,,,,,UC,Pandart Studio,Once/Turn,,When Attacking,Heal 1 to your leader.,"This stone carries the prayers of the Spirits, steady as the road beneath us.",,,Alpha,https://static-content.azuki.com/tcg/card_art/S1-AZK01-047_Shiko-the-Priestess_E_UC_die.jpg,,azuki_tcg_official_gallery:S1-AZK01-047_Shiko-the-Priestess_E_UC_die,alpha_master_sheet_crosswalk,S1-AZK01-047_Shiko-the-Priestess_E_UC_die,Booster,https://static-content.azuki.com/tcg/card_art/S1-AZK01-047_Shiko-the-Priestess_E_UC_die.jpg,linked_alpha_master_sheet; official_gallery_image_url,SUBTYPE_2; SUBTYPE_3; PLUS_ATK; REF_IP; REF_ID; REF_IP2; REF_ID2; E_1_TEXT; DEFINITION_TEXT; RULING_TEXT; ALT_IMG,sheet_sourced
AZK01-048,3,Kale,Earth,Entity,Obsidian,,,2,1,2,,,,,,C,Will Murai,Carapace 1,,,,"I'm the mountain's fist! Steady, strong, and relentless.",Carapace,,Alpha,https://static-content.azuki.com/tcg/card_art/S1-AZK01-048_Kale_E_C_die.jpg,,azuki_tcg_official_gallery:S1-AZK01-048_Kale_E_C_die,alpha_master_sheet_crosswalk,S1-AZK01-048_Kale_E_C_die,Booster,https://static-content.azuki.com/tcg/card_art/S1-AZK01-048_Kale_E_C_die.jpg,linked_alpha_master_sheet; official_gallery_image_url,SUBTYPE_2; SUBTYPE_3; PLUS_ATK; REF_IP; REF_ID; REF_IP2; REF_ID2; E_1_TEXT; E_2; E_2_TEXT; RULING_TEXT; ALT_IMG,sheet_sourced
AZK01-049,3,Lone Journeyman,Earth,Entity,Earthwarden,,,1,1,2,,Azuki,107,,,C,Volta,Defender,,,,,Defender,,Alpha,https://static-content.azuki.com/tcg/card_art/S1-AZK01-049_Lone-Journeyman_E_C_die.jpg,,azuki_tcg_official_gallery:S1-AZK01-049_Lone-Journeyman_E_C_die,alpha_master_sheet_crosswalk,S1-AZK01-049_Lone-Journeyman_E_C_die,Booster,https://static-content.azuki.com/tcg/card_art/S1-AZK01-049_Lone-Journeyman_E_C_die.jpg,linked_alpha_master_sheet; official_gallery_image_url,SUBTYPE_2; SUBTYPE_3; PLUS_ATK; REF_IP2; REF_ID2; E_1_TEXT; E_2; E_2_TEXT; F_TEXT; RULING_TEXT; ALT_IMG,sheet_sourced
AZK01-050,4,Shroom Tender,Earth,Entity,BEANZ,Earthwarden,,2,2,2,,,,,,R,Nohgo,On Play,Heal 2 to your leader.,,,Pop this shroom and poof! no more ouchies!,,,Alpha,https://static-content.azuki.com/tcg/card_art/S1-AZK01-050_Shroom-Tender_E_R_die.jpg,,azuki_tcg_official_gallery:S1-AZK01-050_Shroom-Tender_E_R_die,alpha_master_sheet_crosswalk,S1-AZK01-050_Shroom-Tender_E_R_die,Booster,https://static-content.azuki.com/tcg/card_art/S1-AZK01-050_Shroom-Tender_E_R_die.jpg,linked_alpha_master_sheet; official_gallery_image_url,SUBTYPE_3; PLUS_ATK; REF_IP; REF_ID; REF_IP2; REF_ID2; E_2; E_2_TEXT; DEFINITION_TEXT; RULING_TEXT; ALT_IMG,sheet_sourced
AZK01-051,4,Chillax,Earth,Entity,Sloth,Earthwarden,,2,1,3,,,,,,UC,Pandart Studio,Defender,,When Attacked,You may give another entity in your Garden +1 health until the end of the turn.,"Bro, just take a sip of chill and let the good times roll.",Defender,,Alpha,https://static-content.azuki.com/tcg/card_art/S1-AZK01-051_Chillax_E_UC_die.jpg,,azuki_tcg_official_gallery:S1-AZK01-051_Chillax_E_UC_die,alpha_master_sheet_crosswalk,S1-AZK01-051_Chillax_E_UC_die,Booster,https://static-content.azuki.com/tcg/card_art/S1-AZK01-051_Chillax_E_UC_die.jpg,linked_alpha_master_sheet; official_gallery_image_url,SUBTYPE_3; PLUS_ATK; REF_IP; REF_ID; REF_IP2; REF_ID2; E_1_TEXT; RULING_TEXT; ALT_IMG,sheet_sourced
AZK01-052,5,Yojin,Earth,Entity,Earthwarden,,,2,2,4,,Elementals,17471,,,UC,Pandart Studio,Defender,"If the number of entities in your Garden is less than the number of entities in your opponent's Garden, this card has Defender",,,,Defender,,Alpha,https://static-content.azuki.com/tcg/card_art/S1-AZK01-052_Yojin_E_UC_die.jpg,,azuki_tcg_official_gallery:S1-AZK01-052_Yojin_E_UC_die,alpha_master_sheet_crosswalk,S1-AZK01-052_Yojin_E_UC_die,Booster,https://static-content.azuki.com/tcg/card_art/S1-AZK01-052_Yojin_E_UC_die.jpg,linked_alpha_master_sheet; official_gallery_image_url,SUBTYPE_2; SUBTYPE_3; PLUS_ATK; REF_IP2; REF_ID2; E_2; E_2_TEXT; F_TEXT; RULING_TEXT; ALT_IMG,sheet_sourced
AZK01-053,7,Geodust Smuggler,Earth,Entity,Obsidian,,,3,4,5,,,,,,R,nJoo,Garden Only Ability,"As long as this card is in play, all other entities in your Garden have +1 health.",,,Got these beauties fresh from that cave nobody's allowed to talk about *wink wink*.,,,Alpha,https://static-content.azuki.com/tcg/card_art/S1-AZK01-053_Geodust-Smuggler_E_R_die.jpg,,azuki_tcg_official_gallery:S1-AZK01-053_Geodust-Smuggler_E_R_die,alpha_master_sheet_crosswalk,S1-AZK01-053_Geodust-Smuggler_E_R_die,Booster,https://static-content.azuki.com/tcg/card_art/S1-AZK01-053_Geodust-Smuggler_E_R_die.jpg,linked_alpha_master_sheet; official_gallery_image_url,SUBTYPE_2; SUBTYPE_3; PLUS_ATK; REF_IP; REF_ID; REF_IP2; REF_ID2; E_2; E_2_TEXT; DEFINITION_TEXT; RULING_TEXT; ALT_IMG,sheet_sourced
AZK01-054,8,Teb Fea,Earth,Entity,Obsidian,,,2,7,7,,Elementals,3137,,,SR,Tomugi,Godmode,,,,,,,Alpha,https://static-content.azuki.com/tcg/card_art/AZK01-054A_Teb-Fea_E_SR_Die.jpg,,azuki_tcg_official_gallery:AZK01-054A_Teb-Fea_E_SR_Die,alpha_master_sheet_crosswalk,AZK01-054A_Teb-Fea_E_SR_Die,Alpha,https://static-content.azuki.com/tcg/card_art/AZK01-054A_Teb-Fea_E_SR_Die.jpg,linked_alpha_master_sheet; official_gallery_image_url,SUBTYPE_2; SUBTYPE_3; PLUS_ATK; REF_IP2; REF_ID2; E_1_TEXT; E_2; E_2_TEXT; F_TEXT; DEFINITION_TEXT; RULING_TEXT; ALT_IMG,sheet_sourced
AZK01-054,8,Teb Fea,Earth,Entity,Obsidian,,,2,7,7,,Elementals,3137,,,SR,Tomugi,Godmode,,,,,,,Alpha,https://static-content.azuki.com/tcg/card_art/S1-AZK01-054_Teb-Fea_E_SR_die.jpg,,azuki_tcg_official_gallery:S1-AZK01-054_Teb-Fea_E_SR_die,alpha_master_sheet_crosswalk,S1-AZK01-054_Teb-Fea_E_SR_die,Booster,https://static-content.azuki.com/tcg/card_art/S1-AZK01-054_Teb-Fea_E_SR_die.jpg,linked_alpha_master_sheet; official_gallery_image_url,SUBTYPE_2; SUBTYPE_3; PLUS_ATK; REF_IP2; REF_ID2; E_1_TEXT; E_2; E_2_TEXT; F_TEXT; DEFINITION_TEXT; RULING_TEXT; ALT_IMG,sheet_sourced
AZK01-055,2,Earth Orb,Earth,Spell,Earthfury,Orb,,,,,,,,,,C,Volta,Response,Deal up to 1 damage to a leader or an entity in your opponent's Garden and reduce that card's attack by 1 until the end of the turn.,,,,,Response,Alpha,https://static-content.azuki.com/tcg/card_art/S1-AZK01-055_Earth-Orb_S_C_die.jpg,,azuki_tcg_official_gallery:S1-AZK01-055_Earth-Orb_S_C_die,alpha_master_sheet_crosswalk,S1-AZK01-055_Earth-Orb_S_C_die,Booster,https://static-content.azuki.com/tcg/card_art/S1-AZK01-055_Earth-Orb_S_C_die.jpg,linked_alpha_master_sheet; official_gallery_image_url,SUBTYPE_3; GATE_PWR; ATK; HP; PLUS_ATK; REF_IP; REF_ID; REF_IP2; REF_ID2; E_2; E_2_TEXT; F_TEXT; DEFINITION_TEXT; ALT_IMG,sheet_sourced
AZK01-056,1,"Glass Blower, Hokuto",Fire,Entity,Firemancer,,,1,1,1,,,,,,C,Pandart Studio,On Play,"Look at the top 5 cards of your deck, reveal up to 1 Scorchweaver card and add it to your hand, then bottome deck the rest in any order.",,,"The flames reveal what lies ahead, clear as glass.",,,Alpha,https://static-content.azuki.com/tcg/card_art/S1-AZK01-056_Glass-Blower-Hokuto_E_C_die.jpg,,azuki_tcg_official_gallery:S1-AZK01-056_Glass-Blower-Hokuto_E_C_die,alpha_master_sheet_crosswalk,S1-AZK01-056_Glass-Blower-Hokuto_E_C_die,Booster,https://static-content.azuki.com/tcg/card_art/S1-AZK01-056_Glass-Blower-Hokuto_E_C_die.jpg,linked_alpha_master_sheet; official_gallery_image_url,SUBTYPE_2; SUBTYPE_3; PLUS_ATK; REF_IP; REF_ID; REF_IP2; REF_ID2; E_2; E_2_TEXT; DEFINITION_TEXT; RULING_TEXT; ALT_IMG,sheet_sourced
AZK01-057,1,"Lounge Siren, Saeko",Fire,Entity,Scorchweaver,,,1,1,1,,Elementals,18362,,,C,Volta,Garden Only Ability,,Start of Your Turn,You must deal 1 damage to a target entity in your Garden and a target entity in your opponent's Garden.,What's better than fire in a glass and peace on the couch?,,,Alpha,https://static-content.azuki.com/tcg/card_art/S1-AZK01-057_Lounge-Siren-Saeko_E_C_die.jpg,,azuki_tcg_official_gallery:S1-AZK01-057_Lounge-Siren-Saeko_E_C_die,alpha_master_sheet_crosswalk,S1-AZK01-057_Lounge-Siren-Saeko_E_C_die,Booster,https://static-content.azuki.com/tcg/card_art/S1-AZK01-057_Lounge-Siren-Saeko_E_C_die.jpg,linked_alpha_master_sheet; official_gallery_image_url,SUBTYPE_2; SUBTYPE_3; PLUS_ATK; REF_IP2; REF_ID2; E_1_TEXT; DEFINITION_TEXT; RULING_TEXT; ALT_IMG,sheet_sourced
AZK01-058,2,Black Jade Warlord,Fire,Entity,Black Jade,Blazerker,Invigorate,1,2,1,,,,,,C,Pandart Studio,After Attacking,You may sacrifice this card: Give a leader or an entity in your Garden +2 attack until the end of the turn.,,,"When the fight's done, only loyalty remains. I'll go down swinging for the Black Jade.",,,Alpha,https://static-content.azuki.com/tcg/card_art/S1-AZK01-058_Black-Jade-Warlord_E_C_die.jpg,,azuki_tcg_official_gallery:S1-AZK01-058_Black-Jade-Warlord_E_C_die,alpha_master_sheet_crosswalk,S1-AZK01-058_Black-Jade-Warlord_E_C_die,Booster,https://static-content.azuki.com/tcg/card_art/S1-AZK01-058_Black-Jade-Warlord_E_C_die.jpg,linked_alpha_master_sheet; official_gallery_image_url,PLUS_ATK; REF_IP; REF_ID; REF_IP2; REF_ID2; E_2; E_2_TEXT; DEFINITION_TEXT; RULING_TEXT; ALT_IMG,sheet_sourced
AZK01-059,2,Spice,Fire,Entity,Red Panda,Chef,Pyreskin,1,1,2,,,,,,UC,Pandart Studio,Once/Turn,"If this card takes damage, it gets +1 attack until the end of the turn.",,,"Harvest time means flavor time, let's spice things up!",,,Alpha,https://static-content.azuki.com/tcg/card_art/S1-AZK01-059_Spice_E_UC_die.jpg,,azuki_tcg_official_gallery:S1-AZK01-059_Spice_E_UC_die,alpha_master_sheet_crosswalk,S1-AZK01-059_Spice_E_UC_die,Booster,https://static-content.azuki.com/tcg/card_art/S1-AZK01-059_Spice_E_UC_die.jpg,linked_alpha_master_sheet; official_gallery_image_url,PLUS_ATK; REF_IP; REF_ID; REF_IP2; REF_ID2; E_2; E_2_TEXT; DEFINITION_TEXT; RULING_TEXT; ALT_IMG,sheet_sourced
AZK01-060,5,Scarlett,Fire,Entity,Blazerker,,,2,3,2,,Elementals,192,,,R,steamboy,Charge,,When Attacking,"You may give this card Infiltrate and +1 attack. If you do, you must sacrifice this card at the end of the turn.",,Charge/Infiltrate,,Alpha,https://static-content.azuki.com/tcg/card_art/S1-AZK01-060_Scarlett_E_R_die.jpg,,azuki_tcg_official_gallery:S1-AZK01-060_Scarlett_E_R_die,alpha_master_sheet_crosswalk,S1-AZK01-060_Scarlett_E_R_die,Booster,https://static-content.azuki.com/tcg/card_art/S1-AZK01-060_Scarlett_E_R_die.jpg,linked_alpha_master_sheet; official_gallery_image_url,SUBTYPE_2; SUBTYPE_3; PLUS_ATK; REF_IP2; REF_ID2; E_1_TEXT; F_TEXT; RULING_TEXT; ALT_IMG,sheet_sourced
AZK01-061,3,Firebrand Renji,Fire,Entity,Pyreskin,,,1,1,3,,Elementals,19698,,,UC,Volta,Once/Turn,"When this card takes damage from 3 different damage sources in 1 turn, deal up to 3 damage to a leader or entity in any Garden.",,,Who needs paint when you've got fire and flair?,,,Alpha,https://static-content.azuki.com/tcg/card_art/S1-AZK01-061_Firebrand-Renji_E_UC_die.jpg,,azuki_tcg_official_gallery:S1-AZK01-061_Firebrand-Renji_E_UC_die,alpha_master_sheet_crosswalk,S1-AZK01-061_Firebrand-Renji_E_UC_die,Booster,https://static-content.azuki.com/tcg/card_art/S1-AZK01-061_Firebrand-Renji_E_UC_die.jpg,linked_alpha_master_sheet; official_gallery_image_url,SUBTYPE_2; SUBTYPE_3; PLUS_ATK; REF_IP2; REF_ID2; E_2; E_2_TEXT; DEFINITION_TEXT; RULING_TEXT; ALT_IMG,sheet_sourced
AZK01-062,3,Pekiro,Fire,Entity,Red Panda,Pyreskin,,2,2,1,,Elementals,12477,,,R,Hks,Once/Turn,"If this card would take damage from an ability or spell, you may redirect that damage to another entity in any Garden.",,,,,,Alpha,https://static-content.azuki.com/tcg/card_art/S1-AZK01-062_Pekiro_E_R_die.jpg,,azuki_tcg_official_gallery:S1-AZK01-062_Pekiro_E_R_die,alpha_master_sheet_crosswalk,S1-AZK01-062_Pekiro_E_R_die,Booster,https://static-content.azuki.com/tcg/card_art/S1-AZK01-062_Pekiro_E_R_die.jpg,linked_alpha_master_sheet; official_gallery_image_url,SUBTYPE_3; PLUS_ATK; REF_IP2; REF_ID2; E_2; E_2_TEXT; F_TEXT; DEFINITION_TEXT; RULING_TEXT; ALT_IMG,sheet_sourced
AZK01-063,6,Enzo,Fire,Entity,Chef,Scorchweaver,,2,3,3,,,,,,UC,Samuel Gildas,On Play in Garden Only,Deal up to 3 damage to a leader or an entity in any Garden.,,,"Keep your wrist loose, and the flavor will follow. You gotta feel the heat, not fear it.",,,Alpha,https://static-content.azuki.com/tcg/card_art/S1-AZK01-063_Enzo_E_UC_die.jpg,,azuki_tcg_official_gallery:S1-AZK01-063_Enzo_E_UC_die,alpha_master_sheet_crosswalk,S1-AZK01-063_Enzo_E_UC_die,Booster,https://static-content.azuki.com/tcg/card_art/S1-AZK01-063_Enzo_E_UC_die.jpg,linked_alpha_master_sheet; official_gallery_image_url,SUBTYPE_3; PLUS_ATK; REF_IP; REF_ID; REF_IP2; REF_ID2; E_2; E_2_TEXT; DEFINITION_TEXT; RULING_TEXT; ALT_IMG,sheet_sourced
AZK01-064,8,Zero,Fire,Entity,Scorchweaver,Black Jade,,2,7,7,,Azuki,87,,,SR,Pandart Studio,,"When this card enters the Garden, deal 2 damage to tall entities in each player's Garden.",,,,,,Alpha,https://static-content.azuki.com/tcg/card_art/AZK01-064A_Zero_E_SR_Die.jpg,,azuki_tcg_official_gallery:AZK01-064A_Zero_E_SR_Die,alpha_master_sheet_crosswalk,AZK01-064A_Zero_E_SR_Die,Alpha,https://static-content.azuki.com/tcg/card_art/AZK01-064A_Zero_E_SR_Die.jpg,linked_alpha_master_sheet; official_gallery_image_url,SUBTYPE_3; PLUS_ATK; REF_IP2; REF_ID2; E_1; E_2; E_2_TEXT; F_TEXT; DEFINITION_TEXT; RULING_TEXT; ALT_IMG,sheet_sourced
AZK01-064,8,Zero,Fire,Entity,Scorchweaver,Black Jade,,2,7,7,,Azuki,87,,,SR,Pandart Studio,,"When this card enters the Garden, deal 2 damage to tall entities in each player's Garden.",,,,,,Alpha,https://static-content.azuki.com/tcg/card_art/S1-AZK01-064_Zero_E_SR_die.jpg,,azuki_tcg_official_gallery:S1-AZK01-064_Zero_E_SR_die,alpha_master_sheet_crosswalk,S1-AZK01-064_Zero_E_SR_die,Booster,https://static-content.azuki.com/tcg/card_art/S1-AZK01-064_Zero_E_SR_die.jpg,linked_alpha_master_sheet; official_gallery_image_url,SUBTYPE_3; PLUS_ATK; REF_IP2; REF_ID2; E_1; E_2; E_2_TEXT; F_TEXT; DEFINITION_TEXT; RULING_TEXT; ALT_IMG,sheet_sourced
AZK01-065,4,Fire Orb,Fire,Spell,Scorchweaver,Orb,,,,,,,,,,C,Volta,Main,Deal up to 5 damage to a leader or an entity in any Garden.,,,,,Spell,Alpha,https://static-content.azuki.com/tcg/card_art/S1-AZK01-065_Fire-Orb_S_C_die.jpg,,azuki_tcg_official_gallery:S1-AZK01-065_Fire-Orb_S_C_die,alpha_master_sheet_crosswalk,S1-AZK01-065_Fire-Orb_S_C_die,Booster,https://static-content.azuki.com/tcg/card_art/S1-AZK01-065_Fire-Orb_S_C_die.jpg,linked_alpha_master_sheet; official_gallery_image_url,SUBTYPE_3; GATE_PWR; ATK; HP; PLUS_ATK; REF_IP; REF_ID; REF_IP2; REF_ID2; E_2; E_2_TEXT; F_TEXT; DEFINITION_TEXT; ALT_IMG,sheet_sourced
AZK01-066,5,Fire Storm,Fire,Spell,Scorchweaver,,,,,,,,Azuki #87*,,,UC,Samuel Gildas,Main,Deal 2 damage to all leaders and entities in each player's Garden.,,,,,Spell,Alpha,https://static-content.azuki.com/tcg/card_art/S1-AZK01-066_Firestorm_S_UC_die.jpg,,azuki_tcg_official_gallery:S1-AZK01-066_Firestorm_S_UC_die,alpha_master_sheet_crosswalk,S1-AZK01-066_Firestorm_S_UC_die,Booster,https://static-content.azuki.com/tcg/card_art/S1-AZK01-066_Firestorm_S_UC_die.jpg,linked_alpha_master_sheet; official_gallery_image_url,SUBTYPE_2; SUBTYPE_3; GATE_PWR; ATK; HP; PLUS_ATK; REF_IP; REF_IP2; REF_ID2; E_2; E_2_TEXT; F_TEXT; DEFINITION_TEXT; ALT_IMG,sheet_sourced
AZK01-067,1,Frida,Neutral,Entity,Beanz,Painter,,1,1,1,,,,,,C,,,,,,,,,Booster,https://static-content.azuki.com/tcg/card_art/S1-AZK01-067_Frida_E_C_die.jpg,,azuki_tcg_official_gallery:S1-AZK01-067_Frida_E_C_die,official_gallery_completion,S1-AZK01-067_Frida_E_C_die,Booster,https://static-content.azuki.com/tcg/card_art/S1-AZK01-067_Frida_E_C_die.jpg,official_gallery_api,SUBTYPE_3; PLUS_ATK; REF_IP; REF_ID; REF_IP2; REF_ID2; ILLUSTRATOR; E_1; E_1_TEXT; E_2; E_2_TEXT; F_TEXT; DEFINITION_TEXT; RULING_TEXT; ALT_IMG,needs_image_credit_review
AZK01-068,1,Pip,Neutral,Entity,Beanz,,,0,1,1,,,,,,C,Nohgo,On Play,"When this card is played in the Alley, draw 1, then discard 1.",,,,,,Booster,https://static-content.azuki.com/tcg/card_art/S1-AZK01-068_Pip_E_C_die.jpg,,azuki_tcg_official_gallery:S1-AZK01-068_Pip_E_C_die,official_gallery_completion,S1-AZK01-068_Pip_E_C_die,Booster,https://static-content.azuki.com/tcg/card_art/S1-AZK01-068_Pip_E_C_die.jpg,official_gallery_api; image_view_illustrator,SUBTYPE_2; SUBTYPE_3; PLUS_ATK; REF_IP; REF_ID; REF_IP2; REF_ID2; E_2; E_2_TEXT; F_TEXT; DEFINITION_TEXT; RULING_TEXT; ALT_IMG,image_credit_read
AZK01-069,1,Link,Neutral,Entity,Beanz,,,0,1,1,,,,,,C,Nohgo,On Play,"Look at the top 5 cards of your deck, reveal up to 1 (Beanz) subtype card and add it to your hand, then bottom deck the rest in any order.",,,,,,Booster,https://static-content.azuki.com/tcg/card_art/S1-AZK01-069_Link_E_C_die.jpg,,azuki_tcg_official_gallery:S1-AZK01-069_Link_E_C_die,official_gallery_completion,S1-AZK01-069_Link_E_C_die,Booster,https://static-content.azuki.com/tcg/card_art/S1-AZK01-069_Link_E_C_die.jpg,official_gallery_api; image_view_illustrator,SUBTYPE_2; SUBTYPE_3; PLUS_ATK; REF_IP; REF_ID; REF_IP2; REF_ID2; E_2; E_2_TEXT; F_TEXT; DEFINITION_TEXT; RULING_TEXT; ALT_IMG,image_credit_read
AZK01-070,1,Mocking Dummy,Neutral,Entity,Training Dummy,,,0,0,2,,,,,,C,Twisted Hand Studio,In Garden Only Ability; Response,Tap this card and deal 1 damage to it: Reduce an opponent entity's attack by 1 until the end of your opponent's turn.,,,,,,Booster,https://static-content.azuki.com/tcg/card_art/S1-AZK01-070_Mocking-Dummy_E_C_die.jpg,,azuki_tcg_official_gallery:S1-AZK01-070_Mocking-Dummy_E_C_die,official_gallery_completion,S1-AZK01-070_Mocking-Dummy_E_C_die,Booster,https://static-content.azuki.com/tcg/card_art/S1-AZK01-070_Mocking-Dummy_E_C_die.jpg,official_gallery_api; image_view_illustrator,SUBTYPE_2; SUBTYPE_3; PLUS_ATK; REF_IP; REF_ID; REF_IP2; REF_ID2; E_2; E_2_TEXT; F_TEXT; DEFINITION_TEXT; RULING_TEXT; ALT_IMG,image_credit_read
AZK01-071,2,Alley Fetchduck,Neutral,Entity,Bird,,,0,1,2,,,,,,UC,Twisted Hand Studio,End of Your Turn,You may bottom deck this card: Draw 1.,,,,,,Booster,https://static-content.azuki.com/tcg/card_art/S1-AZK01-071_Alley-Fetchduck_E_UC_die.jpg,,azuki_tcg_official_gallery:S1-AZK01-071_Alley-Fetchduck_E_UC_die,official_gallery_completion,S1-AZK01-071_Alley-Fetchduck_E_UC_die,Booster,https://static-content.azuki.com/tcg/card_art/S1-AZK01-071_Alley-Fetchduck_E_UC_die.jpg,official_gallery_api; image_view_illustrator,SUBTYPE_2; SUBTYPE_3; PLUS_ATK; REF_IP; REF_ID; REF_IP2; REF_ID2; E_2; E_2_TEXT; F_TEXT; DEFINITION_TEXT; RULING_TEXT; ALT_IMG,image_credit_read
AZK01-072,2,Beanz Mentor,Neutral,Entity,Beanz,Elder,,1,1,1,,,,,,R,Twisted Hand Studio,When Attacking,Give another (Beanz) subtype entity in your Garden +1 attack until the end of the turn.,,,,,,Booster,https://static-content.azuki.com/tcg/card_art/S1-AZK01-072_Beanz-Mentor_E_R_die.jpg,,azuki_tcg_official_gallery:S1-AZK01-072_Beanz-Mentor_E_R_die,official_gallery_completion,S1-AZK01-072_Beanz-Mentor_E_R_die,Booster,https://static-content.azuki.com/tcg/card_art/S1-AZK01-072_Beanz-Mentor_E_R_die.jpg,official_gallery_api; image_view_illustrator,SUBTYPE_3; PLUS_ATK; REF_IP; REF_ID; REF_IP2; REF_ID2; E_2; E_2_TEXT; F_TEXT; DEFINITION_TEXT; RULING_TEXT; ALT_IMG,image_credit_read
AZK01-073,3,Top Beanz,Neutral,Entity,Beanz,,,2,1,1,,,,,,C,,,"If you only have (Beanz) subtype entities in your Garden, this card has +1 attack and +1 health.",,,,,,Booster,https://static-content.azuki.com/tcg/card_art/S1-AZK01-073_Top-Beanz_E_C_die.jpg,,azuki_tcg_official_gallery:S1-AZK01-073_Top-Beanz_E_C_die,official_gallery_completion,S1-AZK01-073_Top-Beanz_E_C_die,Booster,https://static-content.azuki.com/tcg/card_art/S1-AZK01-073_Top-Beanz_E_C_die.jpg,official_gallery_api,SUBTYPE_2; SUBTYPE_3; PLUS_ATK; REF_IP; REF_ID; REF_IP2; REF_ID2; ILLUSTRATOR; E_1; E_2; E_2_TEXT; F_TEXT; DEFINITION_TEXT; RULING_TEXT; ALT_IMG,needs_image_credit_review
AZK01-074,2,Gurugumi Vanguard,Neutral,Entity,Gurijutsu,,,0,0,2,,,,,,UC,Zhongqiu,Once/Turn; Main,This card's attack becomes the attack of an entity in your opponent's Garden until the end of the turn.,,,,,,Booster,https://static-content.azuki.com/tcg/card_art/S1-AZK01-074_Gurugumi-Vanguard_E_UC_die.jpg,,azuki_tcg_official_gallery:S1-AZK01-074_Gurugumi-Vanguard_E_UC_die,official_gallery_completion,S1-AZK01-074_Gurugumi-Vanguard_E_UC_die,Booster,https://static-content.azuki.com/tcg/card_art/S1-AZK01-074_Gurugumi-Vanguard_E_UC_die.jpg,official_gallery_api; image_view_illustrator,SUBTYPE_2; SUBTYPE_3; PLUS_ATK; REF_IP; REF_ID; REF_IP2; REF_ID2; E_2; E_2_TEXT; F_TEXT; DEFINITION_TEXT; RULING_TEXT; ALT_IMG,image_credit_read
AZK01-075,4,Drunken Brewmaster,Neutral,Entity,Brewmaster,Elder,,1,2,2,,,,,,C,Avo,Once/Turn,You may sacrifice 2 (Beanz) subtype entities in your Garden: This card gets +2 attack and +2 health until the end of the turn.,,,,,,Booster,https://static-content.azuki.com/tcg/card_art/S1-AZK01-075_Drunken-Brewmaster_E_C_die.jpg,,azuki_tcg_official_gallery:S1-AZK01-075_Drunken-Brewmaster_E_C_die,official_gallery_completion,S1-AZK01-075_Drunken-Brewmaster_E_C_die,Booster,https://static-content.azuki.com/tcg/card_art/S1-AZK01-075_Drunken-Brewmaster_E_C_die.jpg,official_gallery_api; image_view_illustrator,SUBTYPE_3; PLUS_ATK; REF_IP; REF_ID; REF_IP2; REF_ID2; E_2; E_2_TEXT; F_TEXT; DEFINITION_TEXT; RULING_TEXT; ALT_IMG,image_credit_read
AZK01-076,3,Hōren of Two Paths,Neutral,Entity,Fatedealer,Monk,,1,1,2,,,,,,C,Aaron,On Play,"Your opponent chooses 1:
- This entity gains Charge (Can attack the same turn it enters the Garden) until the end of the turn.
- Heal 2 to your leader.",,,,Charge,,Booster,https://static-content.azuki.com/tcg/card_art/S1-AZK01-076_Horen-of-Two-Paths_E_C_die.jpg,,azuki_tcg_official_gallery:S1-AZK01-076_Horen-of-Two-Paths_E_C_die,official_gallery_completion,S1-AZK01-076_Horen-of-Two-Paths_E_C_die,Booster,https://static-content.azuki.com/tcg/card_art/S1-AZK01-076_Horen-of-Two-Paths_E_C_die.jpg,official_gallery_api; image_view_illustrator,SUBTYPE_3; PLUS_ATK; REF_IP; REF_ID; REF_IP2; REF_ID2; E_2; E_2_TEXT; F_TEXT; RULING_TEXT; ALT_IMG,image_credit_read
AZK01-077,3,Stalking Assassin,Neutral,Entity,Assassin,Steelborn,,2,2,2,,,,,,C,Twisted Hand Studio,,This card can only attack leaders.,,,,,,Booster,https://static-content.azuki.com/tcg/card_art/S1-AZK01-077_Stalking-Assassin_E_C_die.jpg,,azuki_tcg_official_gallery:S1-AZK01-077_Stalking-Assassin_E_C_die,official_gallery_completion,S1-AZK01-077_Stalking-Assassin_E_C_die,Booster,https://static-content.azuki.com/tcg/card_art/S1-AZK01-077_Stalking-Assassin_E_C_die.jpg,official_gallery_api; image_view_illustrator,SUBTYPE_3; PLUS_ATK; REF_IP; REF_ID; REF_IP2; REF_ID2; E_1; E_2; E_2_TEXT; F_TEXT; DEFINITION_TEXT; RULING_TEXT; ALT_IMG,image_credit_read
AZK01-078,4,Fermented Beanz,Neutral,Entity,Beanz,,,2,2,2,,,,,,C,Avo,When Destroyed,Deal 1 damage to a leader or an entity in your opponent's Garden.,,,,,,Booster,https://static-content.azuki.com/tcg/card_art/S1-AZK01-078_Fermented-Beanz_E_C_die.jpg,,azuki_tcg_official_gallery:S1-AZK01-078_Fermented-Beanz_E_C_die,official_gallery_completion,S1-AZK01-078_Fermented-Beanz_E_C_die,Booster,https://static-content.azuki.com/tcg/card_art/S1-AZK01-078_Fermented-Beanz_E_C_die.jpg,official_gallery_api; image_view_illustrator,SUBTYPE_2; SUBTYPE_3; PLUS_ATK; REF_IP; REF_ID; REF_IP2; REF_ID2; E_2; E_2_TEXT; F_TEXT; DEFINITION_TEXT; RULING_TEXT; ALT_IMG,image_credit_read
AZK01-079,6,Gin and Tonika,Neutral,Entity,Fatedealer,,,3,3,4,,,,,,SR ★,Tomugi,On Play,Your opponent chooses 1: You draw 2 or deal 3 damage to their leader.,,,,,,Booster,https://static-content.azuki.com/tcg/card_art/S1-AZK01-079A_Gin-and-Tonika_E_SR_die.jpg,,azuki_tcg_official_gallery:S1-AZK01-079A_Gin-and-Tonika_E_SR_die,official_gallery_completion,S1-AZK01-079A_Gin-and-Tonika_E_SR_die,Booster,https://static-content.azuki.com/tcg/card_art/S1-AZK01-079A_Gin-and-Tonika_E_SR_die.jpg,official_gallery_api; image_view_illustrator,SUBTYPE_2; SUBTYPE_3; PLUS_ATK; REF_IP; REF_ID; REF_IP2; REF_ID2; E_2; E_2_TEXT; F_TEXT; DEFINITION_TEXT; RULING_TEXT; ALT_IMG,image_credit_read
AZK01-079,6,Gin and Tonika,Neutral,Entity,Fatedealer,,,3,3,4,,,,,,SR,Tomugi,On Play,Your opponent chooses 1: You draw 2 or deal 3 damage to their leader.,,,,,,Booster,https://static-content.azuki.com/tcg/card_art/S1-AZK01-079_Gin-and-Tonika_E_SR_die.jpg,,azuki_tcg_official_gallery:S1-AZK01-079_Gin-and-Tonika_E_SR_die,official_gallery_completion,S1-AZK01-079_Gin-and-Tonika_E_SR_die,Booster,https://static-content.azuki.com/tcg/card_art/S1-AZK01-079_Gin-and-Tonika_E_SR_die.jpg,official_gallery_api; image_view_illustrator,SUBTYPE_2; SUBTYPE_3; PLUS_ATK; REF_IP; REF_ID; REF_IP2; REF_ID2; E_2; E_2_TEXT; F_TEXT; DEFINITION_TEXT; RULING_TEXT; ALT_IMG,image_credit_read
AZK01-080,5,Bladebound Ally,Neutral,Entity,Invigorate,Samurai,,3,3,2,,,,,,R,Pandart Studio,On Play,"If this card is played in the Garden, give another entity in your Garden +2 attack until the end of the turn.",,,,,,Booster,https://static-content.azuki.com/tcg/card_art/S1-AZK01-080_Bladebound-Ally_E_R_die.jpg,,azuki_tcg_official_gallery:S1-AZK01-080_Bladebound-Ally_E_R_die,official_gallery_completion,S1-AZK01-080_Bladebound-Ally_E_R_die,Booster,https://static-content.azuki.com/tcg/card_art/S1-AZK01-080_Bladebound-Ally_E_R_die.jpg,official_gallery_api; image_view_illustrator,SUBTYPE_3; PLUS_ATK; REF_IP; REF_ID; REF_IP2; REF_ID2; E_2; E_2_TEXT; F_TEXT; DEFINITION_TEXT; RULING_TEXT; ALT_IMG,image_credit_read
AZK01-081,5,Gurugumi Mentor,Neutral,Entity,Gurijutsu,,,2,3,3,,,,,,C,Skycrow,,"When this card is in your deck, it has all subtypes.",,,,,,Booster,https://static-content.azuki.com/tcg/card_art/S1-AZK01-081_Gurugumi-Mentor_E_C_die.jpg,,azuki_tcg_official_gallery:S1-AZK01-081_Gurugumi-Mentor_E_C_die,official_gallery_completion,S1-AZK01-081_Gurugumi-Mentor_E_C_die,Booster,https://static-content.azuki.com/tcg/card_art/S1-AZK01-081_Gurugumi-Mentor_E_C_die.jpg,official_gallery_api; image_view_illustrator,SUBTYPE_2; SUBTYPE_3; PLUS_ATK; REF_IP; REF_ID; REF_IP2; REF_ID2; E_1; E_2; E_2_TEXT; F_TEXT; DEFINITION_TEXT; RULING_TEXT; ALT_IMG,image_credit_read
AZK01-082,5,Black Jade Brawler,Neutral,Entity,Black Jade,Brawler,Steelborn,2,3,2,,,,,,UC,Twisted Hand Studio,Charge,"Charge (Can attack the same turn it enters the Garden),",,,,Charge,,Booster,https://static-content.azuki.com/tcg/card_art/S1-AZK01-082_Black-Jade-Brawler_E_UC_die.jpg,,azuki_tcg_official_gallery:S1-AZK01-082_Black-Jade-Brawler_E_UC_die,official_gallery_completion,S1-AZK01-082_Black-Jade-Brawler_E_UC_die,Booster,https://static-content.azuki.com/tcg/card_art/S1-AZK01-082_Black-Jade-Brawler_E_UC_die.jpg,official_gallery_api; image_view_illustrator,PLUS_ATK; REF_IP; REF_ID; REF_IP2; REF_ID2; E_2; E_2_TEXT; F_TEXT; RULING_TEXT; ALT_IMG,image_credit_read
AZK01-083,4,Gurugumi Imitator,Neutral,Entity,Gurijutsu,,,1,2,2,,,,,,R,Skycrow,Once/Turn; Main,This card gets the card text of another (Neutral) card in your Garden until the end of your turn.,,,,,,Booster,https://static-content.azuki.com/tcg/card_art/S1-AZK01-083_Gurugumi-Imitator_E_R_die.jpg,,azuki_tcg_official_gallery:S1-AZK01-083_Gurugumi-Imitator_E_R_die,official_gallery_completion,S1-AZK01-083_Gurugumi-Imitator_E_R_die,Booster,https://static-content.azuki.com/tcg/card_art/S1-AZK01-083_Gurugumi-Imitator_E_R_die.jpg,official_gallery_api; image_view_illustrator,SUBTYPE_2; SUBTYPE_3; PLUS_ATK; REF_IP; REF_ID; REF_IP2; REF_ID2; E_2; E_2_TEXT; F_TEXT; DEFINITION_TEXT; RULING_TEXT; ALT_IMG,image_credit_read
AZK01-084,2,Good Enough Replica,Neutral,Spell,Trickster,,,,,,,,,,,C,Twisted Hand Studio,Main,Return a (Neutral) entity card with a cost of 6 or less from your discard pile to your hand.,,,,,Spell,Booster,https://static-content.azuki.com/tcg/card_art/S1-AZK01-084_Good-Enough-Replica_S_C_die.jpg,,azuki_tcg_official_gallery:S1-AZK01-084_Good-Enough-Replica_S_C_die,official_gallery_completion,S1-AZK01-084_Good-Enough-Replica_S_C_die,Booster,https://static-content.azuki.com/tcg/card_art/S1-AZK01-084_Good-Enough-Replica_S_C_die.jpg,official_gallery_api; image_view_illustrator,SUBTYPE_2; SUBTYPE_3; GATE_PWR; ATK; HP; PLUS_ATK; REF_IP; REF_ID; REF_IP2; REF_ID2; E_2; E_2_TEXT; F_TEXT; DEFINITION_TEXT; ALT_IMG,image_credit_read
AZK01-085,3,Invigorating Concoction,Neutral,Spell,Beanz,Invigorate,,,,,,,,,,C,Nick Oji,Main; Response,Give an entity in your Garden +2 attack until the end of the turn.,,,,,Spell,Booster,https://static-content.azuki.com/tcg/card_art/S1-AZK01-085_Invigorating-Concoction_S_C_die.jpg,,azuki_tcg_official_gallery:S1-AZK01-085_Invigorating-Concoction_S_C_die,official_gallery_completion,S1-AZK01-085_Invigorating-Concoction_S_C_die,Booster,https://static-content.azuki.com/tcg/card_art/S1-AZK01-085_Invigorating-Concoction_S_C_die.jpg,official_gallery_api; image_view_illustrator,SUBTYPE_3; GATE_PWR; ATK; HP; PLUS_ATK; REF_IP; REF_ID; REF_IP2; REF_ID2; E_2; E_2_TEXT; F_TEXT; DEFINITION_TEXT; ALT_IMG,image_credit_read
AZK01-086,4,Forging Tricks,Neutral,Spell,Steelborn,Trickster,,,,,,,,,,UC,Twisted Hand Studio,Main,"You may place up to 5 (Weapon) cards from your discard pile to the bottom of your deck in any order: Until the end of the turn, give your leader +1 attack for each card you bottom decked.",,,,,Spell,Booster,https://static-content.azuki.com/tcg/card_art/S1-AZK01-086_Forging-Tricks_S_UC_die.jpg,,azuki_tcg_official_gallery:S1-AZK01-086_Forging-Tricks_S_UC_die,official_gallery_completion,S1-AZK01-086_Forging-Tricks_S_UC_die,Booster,https://static-content.azuki.com/tcg/card_art/S1-AZK01-086_Forging-Tricks_S_UC_die.jpg,official_gallery_api; image_view_illustrator,SUBTYPE_3; GATE_PWR; ATK; HP; PLUS_ATK; REF_IP; REF_ID; REF_IP2; REF_ID2; E_2; E_2_TEXT; F_TEXT; DEFINITION_TEXT; ALT_IMG,image_credit_read
AZK01-087,4,Mizuryuu's Torrent,Water,Spell,Mizuryuu,,,,,,,,,,,SR ★,Twisted Hand Studio,Main,Put up to 2 entities with a combined cost of 5 or less in your opponent's Garden to the bottom of their owner's deck in any order.,,,,,Spell,Booster,https://static-content.azuki.com/tcg/card_art/S1-AZK01-087A_Mizuryuus-Torrent_S_SR_die.jpg,,azuki_tcg_official_gallery:S1-AZK01-087A_Mizuryuus-Torrent_S_SR_die,official_gallery_completion,S1-AZK01-087A_Mizuryuus-Torrent_S_SR_die,Booster,https://static-content.azuki.com/tcg/card_art/S1-AZK01-087A_Mizuryuus-Torrent_S_SR_die.jpg,official_gallery_api; image_view_illustrator,SUBTYPE_2; SUBTYPE_3; GATE_PWR; ATK; HP; PLUS_ATK; REF_IP; REF_ID; REF_IP2; REF_ID2; E_2; E_2_TEXT; F_TEXT; DEFINITION_TEXT; ALT_IMG,image_credit_read
AZK01-087,4,Mizuryuu's Torrent,Water,Spell,Mizuryuu,,,,,,,,,,,SR,Pandart Studio,Main,Put up to 2 entities with a combined cost of 5 or less in your opponent's Garden to the bottom of their owner's deck in any order.,,,,,Spell,Booster,https://static-content.azuki.com/tcg/card_art/S1-AZK01-087_Mizuryuus-Torrent_S_SR_die.jpg,,azuki_tcg_official_gallery:S1-AZK01-087_Mizuryuus-Torrent_S_SR_die,official_gallery_completion,S1-AZK01-087_Mizuryuus-Torrent_S_SR_die,Booster,https://static-content.azuki.com/tcg/card_art/S1-AZK01-087_Mizuryuus-Torrent_S_SR_die.jpg,official_gallery_api; image_view_illustrator,SUBTYPE_2; SUBTYPE_3; GATE_PWR; ATK; HP; PLUS_ATK; REF_IP; REF_ID; REF_IP2; REF_ID2; E_2; E_2_TEXT; F_TEXT; DEFINITION_TEXT; ALT_IMG,image_credit_read
AZK01-088,6,Pulled Under,Water,Spell,Watercrafting,,,,,,,,,,,R,Twisted Hand Studio,Main,Put an entity with a 7 cost or less in your opponent's Garden to the bottom of its owner's deck.,,,,,Spell,Booster,https://static-content.azuki.com/tcg/card_art/S1-AZK01-088_Pulled-Under_S_R_die.jpg,,azuki_tcg_official_gallery:S1-AZK01-088_Pulled-Under_S_R_die,official_gallery_completion,S1-AZK01-088_Pulled-Under_S_R_die,Booster,https://static-content.azuki.com/tcg/card_art/S1-AZK01-088_Pulled-Under_S_R_die.jpg,official_gallery_api; image_view_illustrator,SUBTYPE_2; SUBTYPE_3; GATE_PWR; ATK; HP; PLUS_ATK; REF_IP; REF_ID; REF_IP2; REF_ID2; E_2; E_2_TEXT; F_TEXT; DEFINITION_TEXT; ALT_IMG,image_credit_read
AZK01-089,7,Mizuryuu Fist Master,Water,Entity,Frog,Mizuryuu,Watercrafting,3,5,5,,,,,,UC,Pandart Studio,In Alley Only Ability; Main,You may bottom deck this card: Put up to 2 entity cards with a combined cost of 5 or less in your opponent's Garden to the bottom of their owner's deck in any order.,,,,,,Booster,https://static-content.azuki.com/tcg/card_art/S1-AZK01-089_Mizuryuu-Fist-Master_E_UC_die.jpg,,azuki_tcg_official_gallery:S1-AZK01-089_Mizuryuu-Fist-Master_E_UC_die,official_gallery_completion,S1-AZK01-089_Mizuryuu-Fist-Master_E_UC_die,Booster,https://static-content.azuki.com/tcg/card_art/S1-AZK01-089_Mizuryuu-Fist-Master_E_UC_die.jpg,official_gallery_api; image_view_illustrator,PLUS_ATK; REF_IP; REF_ID; REF_IP2; REF_ID2; E_2; E_2_TEXT; F_TEXT; DEFINITION_TEXT; RULING_TEXT; ALT_IMG,image_credit_read
AZK01-090,5,Priestess of the Mists,Water,Entity,Priestess,Wavecaller,,2,3,3,,,,,,C,Twisted Hand Studio,On Play,You may return an entity with a cost of 2 cost or less in your Garden to your hand.,,,,,,Booster,https://static-content.azuki.com/tcg/card_art/S1-AZK01-090_Priestess-of-the-Mists_E_C_die.jpg,,azuki_tcg_official_gallery:S1-AZK01-090_Priestess-of-the-Mists_E_C_die,official_gallery_completion,S1-AZK01-090_Priestess-of-the-Mists_E_C_die,Booster,https://static-content.azuki.com/tcg/card_art/S1-AZK01-090_Priestess-of-the-Mists_E_C_die.jpg,official_gallery_api; image_view_illustrator,SUBTYPE_3; PLUS_ATK; REF_IP; REF_ID; REF_IP2; REF_ID2; E_2; E_2_TEXT; F_TEXT; DEFINITION_TEXT; RULING_TEXT; ALT_IMG,image_credit_read
AZK01-091,2,Bubble Adept,Water,Entity,Aquashield,Driftward,,0,2,1,,,,,,UC,Twisted Hand Studio,In Garden Only Ability; Response,You may sacrifice this card: Reduce an entity's attack by 1 until the end of your opponent's turn.,,,,,,Booster,https://static-content.azuki.com/tcg/card_art/S1-AZK01-091_Bubble-Adept_E_UC_die.jpg,,azuki_tcg_official_gallery:S1-AZK01-091_Bubble-Adept_E_UC_die,official_gallery_completion,S1-AZK01-091_Bubble-Adept_E_UC_die,Booster,https://static-content.azuki.com/tcg/card_art/S1-AZK01-091_Bubble-Adept_E_UC_die.jpg,official_gallery_api; image_view_illustrator,SUBTYPE_3; PLUS_ATK; REF_IP; REF_ID; REF_IP2; REF_ID2; E_2; E_2_TEXT; F_TEXT; DEFINITION_TEXT; RULING_TEXT; ALT_IMG,image_credit_read
AZK01-092,2,Lotus of Reflection,Water,Spell,Lotus,Wavecaller,,,,,,,,,,C,Twisted Hand Studio,Main,"Look at the top 5 cards of your deck, you may reveal a (Water) type card with a cost of 2 or less and add it to your hand or play it.",,,,,Spell,Booster,https://static-content.azuki.com/tcg/card_art/S1-AZK01-092_Lotus-of-Reflection_S_C_die.jpg,,azuki_tcg_official_gallery:S1-AZK01-092_Lotus-of-Reflection_S_C_die,official_gallery_completion,S1-AZK01-092_Lotus-of-Reflection_S_C_die,Booster,https://static-content.azuki.com/tcg/card_art/S1-AZK01-092_Lotus-of-Reflection_S_C_die.jpg,official_gallery_api; image_view_illustrator,SUBTYPE_3; GATE_PWR; ATK; HP; PLUS_ATK; REF_IP; REF_ID; REF_IP2; REF_ID2; E_2; E_2_TEXT; F_TEXT; DEFINITION_TEXT; ALT_IMG,image_credit_read
AZK01-093,7,Naiyara the Tideweaver,Water,Entity,Downcurrent,Mizuryuu,,3,4,4,,,,,,R,Pandart Studio,On Play,"If this card is played in the Garden, put an entity with a cost of 4 or less in your opponent's Garden to the bottom of its owner's deck.",,,,,,Booster,https://static-content.azuki.com/tcg/card_art/S1-AZK01-093_Naiyara-the-Tideweaver_E_R_die.jpg,,azuki_tcg_official_gallery:S1-AZK01-093_Naiyara-the-Tideweaver_E_R_die,official_gallery_completion,S1-AZK01-093_Naiyara-the-Tideweaver_E_R_die,Booster,https://static-content.azuki.com/tcg/card_art/S1-AZK01-093_Naiyara-the-Tideweaver_E_R_die.jpg,official_gallery_api; image_view_illustrator,SUBTYPE_3; PLUS_ATK; REF_IP; REF_ID; REF_IP2; REF_ID2; E_2; E_2_TEXT; F_TEXT; DEFINITION_TEXT; RULING_TEXT; ALT_IMG,image_credit_read
AZK01-094,1,Hidden Dagger,Lightning,Weapon,Dagger,Shadowfang,,,,,1,,,,,C,Twisted Hand Studio,,This card can be played as a [Response].,,,,,Weapon,Booster,https://static-content.azuki.com/tcg/card_art/S1-AZK01-094_Hidden-Dagger_W_C_die.jpg,,azuki_tcg_official_gallery:S1-AZK01-094_Hidden-Dagger_W_C_die,official_gallery_completion,S1-AZK01-094_Hidden-Dagger_W_C_die,Booster,https://static-content.azuki.com/tcg/card_art/S1-AZK01-094_Hidden-Dagger_W_C_die.jpg,official_gallery_api; image_view_illustrator,SUBTYPE_3; GATE_PWR; ATK; HP; REF_IP; REF_ID; REF_IP2; REF_ID2; E_1; E_2; E_2_TEXT; F_TEXT; DEFINITION_TEXT; ALT_IMG,image_credit_read
AZK01-095,4,Stormglass Katana,Lightning,Weapon,Riftwalk,Sword,,,,,3,,,,,C,Twisted Hand Studio,,"When equipped to a leader, the leader can attack untapped or tapped entities in your opponent's Alley.",,(Weapon) cards can be equipped to entities or leaders in the Garden and go to the discard pile at the end of the turn.,,,Weapon,Booster,https://static-content.azuki.com/tcg/card_art/S1-AZK01-095_Stormglass-Katana_W_C_die.jpg,,azuki_tcg_official_gallery:S1-AZK01-095_Stormglass-Katana_W_C_die,official_gallery_completion,S1-AZK01-095_Stormglass-Katana_W_C_die,Booster,https://static-content.azuki.com/tcg/card_art/S1-AZK01-095_Stormglass-Katana_W_C_die.jpg,official_gallery_api; image_view_illustrator,SUBTYPE_3; GATE_PWR; ATK; HP; REF_IP; REF_ID; REF_IP2; REF_ID2; E_1; E_2; F_TEXT; DEFINITION_TEXT; ALT_IMG,image_credit_read
AZK01-096,2,Ninpō: Thunderstep,Lightning,Spell,Voltguard,,,,,,,,,,,UC,Twisted Hand Studio,Response,Swap an entity in your Garden with an entity in your Alley.,,"If the Garden entity being swapped out is the target of an attack, the Alley entity being swapped into the Garden becomes the new target.",,,Spell,Booster,https://static-content.azuki.com/tcg/card_art/S1-AZK01-096_Ninpo-Thunderstep_S_UC_die.jpg,,azuki_tcg_official_gallery:S1-AZK01-096_Ninpo-Thunderstep_S_UC_die,official_gallery_completion,S1-AZK01-096_Ninpo-Thunderstep_S_UC_die,Booster,https://static-content.azuki.com/tcg/card_art/S1-AZK01-096_Ninpo-Thunderstep_S_UC_die.jpg,official_gallery_api; image_view_illustrator,SUBTYPE_2; SUBTYPE_3; GATE_PWR; ATK; HP; PLUS_ATK; REF_IP; REF_ID; REF_IP2; REF_ID2; E_2; F_TEXT; DEFINITION_TEXT; ALT_IMG,image_credit_read
AZK01-097,2,Black Jade Pawnbroker,Lightning,Entity,Black Jade,Merchant,Steelborn,1,1,1,,,,,,C,Twisted Hand Studio,On Play,"Put 5 cards from the top of your deck into your discard pile. If any of the discarded cards are (Weapon) cards, you may add 1 of them to your hand.",,,,,,Booster,https://static-content.azuki.com/tcg/card_art/S1-AZK01-097_Black-Jade-Pawnbroker_E_C_die.jpg,,azuki_tcg_official_gallery:S1-AZK01-097_Black-Jade-Pawnbroker_E_C_die,official_gallery_completion,S1-AZK01-097_Black-Jade-Pawnbroker_E_C_die,Booster,https://static-content.azuki.com/tcg/card_art/S1-AZK01-097_Black-Jade-Pawnbroker_E_C_die.jpg,official_gallery_api; image_view_illustrator,PLUS_ATK; REF_IP; REF_ID; REF_IP2; REF_ID2; E_2; E_2_TEXT; F_TEXT; DEFINITION_TEXT; RULING_TEXT; ALT_IMG,image_credit_read
AZK01-098,4,"Arms Dealer, Kin",Lightning,Entity,Merchant,Steelborn,,1,2,2,,,,,,C,Twisted Hand Studio,On Play,"If this card is played in the Alley, you may tap this card: Play a (Weapon) card with a cost of 3 cost or less from your hand.",,,,,,Booster,https://static-content.azuki.com/tcg/card_art/S1-AZK01-098_Arms-Dealer-Kin_E_C_die.jpg,,azuki_tcg_official_gallery:S1-AZK01-098_Arms-Dealer-Kin_E_C_die,official_gallery_completion,S1-AZK01-098_Arms-Dealer-Kin_E_C_die,Booster,https://static-content.azuki.com/tcg/card_art/S1-AZK01-098_Arms-Dealer-Kin_E_C_die.jpg,official_gallery_api; image_view_illustrator,SUBTYPE_3; PLUS_ATK; REF_IP; REF_ID; REF_IP2; REF_ID2; E_2; E_2_TEXT; F_TEXT; DEFINITION_TEXT; RULING_TEXT; ALT_IMG,image_credit_read
AZK01-099,7,"Raiko's Wrath, Shin",Lightning,Entity,Shockcoil,Stormcaller,Tiger,3,4,4,,,,,,SR ★,Malcolm Wope,On Play,"Choose one:
- An entity with a cost of 5 or less in your opponent's Garden becomes ""Shocked"" (Does not untap during its next untap phase).
- This entity gains Charge (Can attack the same turn it enters the Garden) until the end of the turn.",,,,Charge; Shocked,,Booster,https://static-content.azuki.com/tcg/card_art/S1-AZK01-099A_Raikos-Wrath-Shin_E_SR_die.jpg,,azuki_tcg_official_gallery:S1-AZK01-099A_Raikos-Wrath-Shin_E_SR_die,official_gallery_completion,S1-AZK01-099A_Raikos-Wrath-Shin_E_SR_die,Booster,https://static-content.azuki.com/tcg/card_art/S1-AZK01-099A_Raikos-Wrath-Shin_E_SR_die.jpg,official_gallery_api; image_view_illustrator,PLUS_ATK; REF_IP; REF_ID; REF_IP2; REF_ID2; E_2; E_2_TEXT; F_TEXT; RULING_TEXT; ALT_IMG,image_credit_read
AZK01-099,7,"Raiko's Wrath, Shin",Lightning,Entity,Shockcoil,Stormcaller,Tiger,3,4,4,,,,,,SR,DKANG!,On Play,"Choose one:
- An entity with a cost of 5 or less in your opponent's Garden becomes ""Shocked"" (Does not untap during its next untap phase).
- This entity gains Charge (Can attack the same turn it enters the Garden) until the end of the turn.",,,,Charge; Shocked,,Booster,https://static-content.azuki.com/tcg/card_art/S1-AZK01-099_Raikos-Wrath-Shin_E_SR_die.jpg,,azuki_tcg_official_gallery:S1-AZK01-099_Raikos-Wrath-Shin_E_SR_die,official_gallery_completion,S1-AZK01-099_Raikos-Wrath-Shin_E_SR_die,Booster,https://static-content.azuki.com/tcg/card_art/S1-AZK01-099_Raikos-Wrath-Shin_E_SR_die.jpg,official_gallery_api; image_view_illustrator,PLUS_ATK; REF_IP; REF_ID; REF_IP2; REF_ID2; E_2; E_2_TEXT; F_TEXT; RULING_TEXT; ALT_IMG,image_credit_read
AZK01-100,2,Raizan's Riposte,Lightning,Spell,Raizan,Steelborn,,,,,,,,,,C,Twisted Hand Studio,Response,Play from your discard pile a (Weapon) card with a cost of 2 or less.,,,,,Spell,Booster,https://static-content.azuki.com/tcg/card_art/S1-AZK01-100_Raizans-Riposte_S_C_die.jpg,,azuki_tcg_official_gallery:S1-AZK01-100_Raizans-Riposte_S_C_die,official_gallery_completion,S1-AZK01-100_Raizans-Riposte_S_C_die,Booster,https://static-content.azuki.com/tcg/card_art/S1-AZK01-100_Raizans-Riposte_S_C_die.jpg,official_gallery_api; image_view_illustrator,SUBTYPE_3; GATE_PWR; ATK; HP; PLUS_ATK; REF_IP; REF_ID; REF_IP2; REF_ID2; E_2; E_2_TEXT; F_TEXT; DEFINITION_TEXT; ALT_IMG,image_credit_read
AZK01-101,3,Sand Stands Still,Earth,Spell,Earthwarden,,,,,,,,,,,SR,Pandart Studio,Main; Response,Give an (Earth) entity in your Garden +3 health until the end of the turn.,,,,,Spell,Booster,https://static-content.azuki.com/tcg/card_art/S1-AZK01-101_Sand-Stands-Still_S_SR_die.jpg,,azuki_tcg_official_gallery:S1-AZK01-101_Sand-Stands-Still_S_SR_die,official_gallery_completion,S1-AZK01-101_Sand-Stands-Still_S_SR_die,Booster,https://static-content.azuki.com/tcg/card_art/S1-AZK01-101_Sand-Stands-Still_S_SR_die.jpg,official_gallery_api; image_view_illustrator,SUBTYPE_2; SUBTYPE_3; GATE_PWR; ATK; HP; PLUS_ATK; REF_IP; REF_ID; REF_IP2; REF_ID2; E_2; E_2_TEXT; F_TEXT; DEFINITION_TEXT; ALT_IMG,image_credit_read
AZK01-102,2,Oathstone,Earth,Spell,Obsidian,,,,,,,,,,,C,Twisted Hand Studio,Response,Give an entity with a cost of 4 or less Carapace 1 (Takes 1 less damage from all damage sources) until the end of the turn.,,,,Carapace,Spell,Booster,https://static-content.azuki.com/tcg/card_art/S1-AZK01-102_Oathstone_S_C_die.jpg,,azuki_tcg_official_gallery:S1-AZK01-102_Oathstone_S_C_die,official_gallery_completion,S1-AZK01-102_Oathstone_S_C_die,Booster,https://static-content.azuki.com/tcg/card_art/S1-AZK01-102_Oathstone_S_C_die.jpg,official_gallery_api; image_view_illustrator,SUBTYPE_2; SUBTYPE_3; GATE_PWR; ATK; HP; PLUS_ATK; REF_IP; REF_ID; REF_IP2; REF_ID2; E_2; E_2_TEXT; F_TEXT; ALT_IMG,image_credit_read
AZK01-103,5,Dropline Station,Earth,Entity,Earthfury,,,3,0,4,,,,,,UC,Twisted Hand Studio,In Garden Only Ability,"(TAP) Sacrifice an untapped (Earth) entity in your Garden: Deal damage equal to the sacrificed card's health to a leader, capped at 5 damage. If the sacrificed entity had 3 or more health, draw 1.
(This ability is not affected by Cooldown)",,,,,,Booster,https://static-content.azuki.com/tcg/card_art/S1-AZK01-103_Dropline-Station_E_UC_die.jpg,,azuki_tcg_official_gallery:S1-AZK01-103_Dropline-Station_E_UC_die,official_gallery_completion,S1-AZK01-103_Dropline-Station_E_UC_die,Booster,https://static-content.azuki.com/tcg/card_art/S1-AZK01-103_Dropline-Station_E_UC_die.jpg,official_gallery_api; image_view_illustrator,SUBTYPE_2; SUBTYPE_3; PLUS_ATK; REF_IP; REF_ID; REF_IP2; REF_ID2; E_2; E_2_TEXT; F_TEXT; DEFINITION_TEXT; RULING_TEXT; ALT_IMG,image_credit_read
AZK01-104,6,Sanzu's Envoy,Earth,Entity,Stonemend,Verdant,,3,4,4,,,,,,UC,Twisted Hand Studio,On Play,"If this card is played in the Garden, you may discard 1: Heal 2 to your leader.",,,,,,Booster,https://static-content.azuki.com/tcg/card_art/S1-AZK01-104_Sanzus-Envoy_E_UC_die.jpg,,azuki_tcg_official_gallery:S1-AZK01-104_Sanzus-Envoy_E_UC_die,official_gallery_completion,S1-AZK01-104_Sanzus-Envoy_E_UC_die,Booster,https://static-content.azuki.com/tcg/card_art/S1-AZK01-104_Sanzus-Envoy_E_UC_die.jpg,official_gallery_api; image_view_illustrator,SUBTYPE_3; PLUS_ATK; REF_IP; REF_ID; REF_IP2; REF_ID2; E_2; E_2_TEXT; F_TEXT; DEFINITION_TEXT; RULING_TEXT; ALT_IMG,image_credit_read
AZK01-105,4,Prickly Tumbleweed,Earth,Entity,Earthfury,,,2,1,3,,,,,,C,Twisted Hand Studio,In Garden Only Ability; Main,Sacrifice this card: Deal damage equal to this card's health to a leader or an entity in your opponent's Garden.,,,,,,Booster,https://static-content.azuki.com/tcg/card_art/S1-AZK01-105_Prickly-Tumbleweed_E_C_die.jpg,,azuki_tcg_official_gallery:S1-AZK01-105_Prickly-Tumbleweed_E_C_die,official_gallery_completion,S1-AZK01-105_Prickly-Tumbleweed_E_C_die,Booster,https://static-content.azuki.com/tcg/card_art/S1-AZK01-105_Prickly-Tumbleweed_E_C_die.jpg,official_gallery_api; image_view_illustrator,SUBTYPE_2; SUBTYPE_3; PLUS_ATK; REF_IP; REF_ID; REF_IP2; REF_ID2; E_2; E_2_TEXT; F_TEXT; DEFINITION_TEXT; RULING_TEXT; ALT_IMG,image_credit_read
AZK01-106,10,"Lord of Sands, Ōsunanami",Earth,Entity,Colossal,Sandstrider,,3,6,6,,,,,,SR ★,,Defender,"When this card is in your hand, its cost is reduced by 1 for every entity with Defender in your Garden.",,,,Defender,,Booster,https://static-content.azuki.com/tcg/card_art/S1-AZK01-106A_Lord-of-Sands-Osunanami_E_SR_die.jpg,,azuki_tcg_official_gallery:S1-AZK01-106A_Lord-of-Sands-Osunanami_E_SR_die,official_gallery_completion,S1-AZK01-106A_Lord-of-Sands-Osunanami_E_SR_die,Booster,https://static-content.azuki.com/tcg/card_art/S1-AZK01-106A_Lord-of-Sands-Osunanami_E_SR_die.jpg,official_gallery_api,SUBTYPE_3; PLUS_ATK; REF_IP; REF_ID; REF_IP2; REF_ID2; ILLUSTRATOR; E_2; E_2_TEXT; F_TEXT; RULING_TEXT; ALT_IMG,needs_image_credit_review
AZK01-106,10,"Lord of Sands, Ōsunanami",Earth,Entity,Colossal,Sandstrider,,3,6,6,,,,,,SR,Pandart Studio,Defender,"When this card is in your hand, its cost is reduced by 1 for every entity with Defender in your Garden.",,,,Defender,,Booster,https://static-content.azuki.com/tcg/card_art/S1-AZK01-106_Lord-of-Sands-Osunanami_E_SR_die.jpg,,azuki_tcg_official_gallery:S1-AZK01-106_Lord-of-Sands-Osunanami_E_SR_die,official_gallery_completion,S1-AZK01-106_Lord-of-Sands-Osunanami_E_SR_die,Booster,https://static-content.azuki.com/tcg/card_art/S1-AZK01-106_Lord-of-Sands-Osunanami_E_SR_die.jpg,official_gallery_api; image_view_illustrator,SUBTYPE_3; PLUS_ATK; REF_IP; REF_ID; REF_IP2; REF_ID2; E_2; E_2_TEXT; F_TEXT; RULING_TEXT; ALT_IMG,image_credit_read
AZK01-107,0,Offering to Stillstone,Earth,Spell,Verdant,,,,,,,,,,,C,Twisted Hand Studio,Main,"Discard 1: If you do not have an IKZ token, add 1. The IKZ token expires at the end of your turn.",,,,,Spell,Booster,https://static-content.azuki.com/tcg/card_art/S1-AZK01-107_Offering-to-Stillstone_S_C_die.jpg,,azuki_tcg_official_gallery:S1-AZK01-107_Offering-to-Stillstone_S_C_die,official_gallery_completion,S1-AZK01-107_Offering-to-Stillstone_S_C_die,Booster,https://static-content.azuki.com/tcg/card_art/S1-AZK01-107_Offering-to-Stillstone_S_C_die.jpg,official_gallery_api; image_view_illustrator,SUBTYPE_2; SUBTYPE_3; GATE_PWR; ATK; HP; PLUS_ATK; REF_IP; REF_ID; REF_IP2; REF_ID2; E_2; E_2_TEXT; F_TEXT; DEFINITION_TEXT; ALT_IMG,image_credit_read
AZK01-108,5,Crushing Weight,Earth,Spell,Earthfury,,,,,,,,,,,R,Pandart Studio,Main,"Deal damage equal to the health of an (Earth) entity in your Garden to a leader or an entity in your opponent's Garden, capped at 5 damage.",,,,,Spell,Booster,https://static-content.azuki.com/tcg/card_art/S1-AZK01-108_Crushing-Weight_S_R_die.jpg,,azuki_tcg_official_gallery:S1-AZK01-108_Crushing-Weight_S_R_die,official_gallery_completion,S1-AZK01-108_Crushing-Weight_S_R_die,Booster,https://static-content.azuki.com/tcg/card_art/S1-AZK01-108_Crushing-Weight_S_R_die.jpg,official_gallery_api; image_view_illustrator,SUBTYPE_2; SUBTYPE_3; GATE_PWR; ATK; HP; PLUS_ATK; REF_IP; REF_ID; REF_IP2; REF_ID2; E_2; E_2_TEXT; F_TEXT; DEFINITION_TEXT; ALT_IMG,image_credit_read
AZK01-109,6,Rock Sloth,Earth,Entity,Obsidian,Sloth,,3,3,4,,,,,,C,Twisted Hand Studio,Carapace,Carapace 1 (Takes 1 less damage from all damage sources),,,,Carapace,,Booster,https://static-content.azuki.com/tcg/card_art/S1-AZK01-109_Rock-Sloth_E_C_die.jpg,,azuki_tcg_official_gallery:S1-AZK01-109_Rock-Sloth_E_C_die,official_gallery_completion,S1-AZK01-109_Rock-Sloth_E_C_die,Booster,https://static-content.azuki.com/tcg/card_art/S1-AZK01-109_Rock-Sloth_E_C_die.jpg,official_gallery_api; image_view_illustrator,SUBTYPE_3; PLUS_ATK; REF_IP; REF_ID; REF_IP2; REF_ID2; E_2; E_2_TEXT; F_TEXT; RULING_TEXT; ALT_IMG,image_credit_read
AZK01-110,4,"Gluttonous Devourer, Kasha",Fire,Entity,Loneflame,Red Panda,,2,2,2,,,,,,UC,Twisted Hand Studio,When Attacking,You may sacrifice all other entities in your Garden: This entity gains +1 attack for each entity sacrificed this way.,,,,,,Booster,https://static-content.azuki.com/tcg/card_art/S1-AZK01-110_Gluttonous-Devourer-Kasha_E_UC_die.jpg,,azuki_tcg_official_gallery:S1-AZK01-110_Gluttonous-Devourer-Kasha_E_UC_die,official_gallery_completion,S1-AZK01-110_Gluttonous-Devourer-Kasha_E_UC_die,Booster,https://static-content.azuki.com/tcg/card_art/S1-AZK01-110_Gluttonous-Devourer-Kasha_E_UC_die.jpg,official_gallery_api; image_view_illustrator,SUBTYPE_3; PLUS_ATK; REF_IP; REF_ID; REF_IP2; REF_ID2; E_2; E_2_TEXT; F_TEXT; DEFINITION_TEXT; RULING_TEXT; ALT_IMG,image_credit_read
AZK01-111,3,Black Jade Decoy,Fire,Entity,Ashveil,Black Jade,Shikigami,1,2,2,,,,,,R,Twisted Hand Studio,In Alley Only Ability; Main,"You may sacrifice this card: Deal up to 2 damage to an entity in your opponent's Garden, then you may play an entity with a cost of 2 or less from your hand in the Garden.",,,,,,Booster,https://static-content.azuki.com/tcg/card_art/S1-AZK01-111_Black-Jade-Decoy_E_R_die.jpg,,azuki_tcg_official_gallery:S1-AZK01-111_Black-Jade-Decoy_E_R_die,official_gallery_completion,S1-AZK01-111_Black-Jade-Decoy_E_R_die,Booster,https://static-content.azuki.com/tcg/card_art/S1-AZK01-111_Black-Jade-Decoy_E_R_die.jpg,official_gallery_api; image_view_illustrator,PLUS_ATK; REF_IP; REF_ID; REF_IP2; REF_ID2; E_2; E_2_TEXT; F_TEXT; DEFINITION_TEXT; RULING_TEXT; ALT_IMG,image_credit_read
AZK01-112,6,Enrai Shakunetsu,Fire,Entity,Blazerker,Loneflame,,2,4,3,,,,,,SR ★,Qin Fang,On Play,"You may sacrifice an untapped entity in your Garden: If you control no entities in the Garden, this entity gains Charge (Can attack the same turn it enters the Garden) until the end of the turn.",,,,Charge,,Booster,https://static-content.azuki.com/tcg/card_art/S1-AZK01-112A_Enrai-Shakunetsu_E_SR_die.jpg,,azuki_tcg_official_gallery:S1-AZK01-112A_Enrai-Shakunetsu_E_SR_die,official_gallery_completion,S1-AZK01-112A_Enrai-Shakunetsu_E_SR_die,Booster,https://static-content.azuki.com/tcg/card_art/S1-AZK01-112A_Enrai-Shakunetsu_E_SR_die.jpg,official_gallery_api; image_view_illustrator,SUBTYPE_3; PLUS_ATK; REF_IP; REF_ID; REF_IP2; REF_ID2; E_2; E_2_TEXT; F_TEXT; RULING_TEXT; ALT_IMG,image_credit_read
AZK01-112,6,Enrai Shakunetsu,Fire,Entity,Blazerker,Loneflame,,2,4,3,,,,,,SR,Twisted Hand Studio,On Play,"You may sacrifice an untapped entity in your Garden: If you control no entities in the Garden, this entity gains Charge (Can attack the same turn it enters the Garden) until the end of the turn.",,,,Charge,,Booster,https://static-content.azuki.com/tcg/card_art/S1-AZK01-112_Enrai-Shakunetsu_E_SR_die.jpg,,azuki_tcg_official_gallery:S1-AZK01-112_Enrai-Shakunetsu_E_SR_die,official_gallery_completion,S1-AZK01-112_Enrai-Shakunetsu_E_SR_die,Booster,https://static-content.azuki.com/tcg/card_art/S1-AZK01-112_Enrai-Shakunetsu_E_SR_die.jpg,official_gallery_api; image_view_illustrator,SUBTYPE_3; PLUS_ATK; REF_IP; REF_ID; REF_IP2; REF_ID2; E_2; E_2_TEXT; F_TEXT; RULING_TEXT; ALT_IMG,image_credit_read
AZK01-113,2,Cinderwake Pursuer,Fire,Entity,Blazerker,Cinderwake,,1,2,1,,,,,,C,Twisted Hand Studio,On Play,"If you played 2 other cards this turn, this entity gains Charge (Can attack the same turn it enters the Garden) until the end of the turn.",,,,Charge,,Booster,https://static-content.azuki.com/tcg/card_art/S1-AZK01-113_Cinderwake-Pursuer_E_C_die.jpg,,azuki_tcg_official_gallery:S1-AZK01-113_Cinderwake-Pursuer_E_C_die,official_gallery_completion,S1-AZK01-113_Cinderwake-Pursuer_E_C_die,Booster,https://static-content.azuki.com/tcg/card_art/S1-AZK01-113_Cinderwake-Pursuer_E_C_die.jpg,official_gallery_api; image_view_illustrator,SUBTYPE_3; PLUS_ATK; REF_IP; REF_ID; REF_IP2; REF_ID2; E_2; E_2_TEXT; F_TEXT; RULING_TEXT; ALT_IMG,image_credit_read
AZK01-114,3,Omen Peddler,Fire,Entity,Elder,Scorchweaver,,0,2,1,,,,,,R,Samuel Gildas,On Play,"If this card is played in the Alley, deal 2 damage to an entity in your opponent's Garden.",,,,,,Booster,https://static-content.azuki.com/tcg/card_art/S1-AZK01-114_Omen-Peddler_E_R_die.jpg,,azuki_tcg_official_gallery:S1-AZK01-114_Omen-Peddler_E_R_die,official_gallery_completion,S1-AZK01-114_Omen-Peddler_E_R_die,Booster,https://static-content.azuki.com/tcg/card_art/S1-AZK01-114_Omen-Peddler_E_R_die.jpg,official_gallery_api; image_view_illustrator,SUBTYPE_3; PLUS_ATK; REF_IP; REF_ID; REF_IP2; REF_ID2; E_2; E_2_TEXT; F_TEXT; DEFINITION_TEXT; RULING_TEXT; ALT_IMG,image_credit_read
AZK01-115,2,Crazed Arsonist,Fire,Entity,Scorchweaver,Wildfire,,0,1,2,,,,,,C,Twisted Hand Studio,When Attacking,You must deal 1 damage to all leaders.,When Sacrificed,You must deal 1 damage to all leaders.,,,,Booster,https://static-content.azuki.com/tcg/card_art/S1-AZK01-115_Crazed-Arsonist_E_C_die.jpg,,azuki_tcg_official_gallery:S1-AZK01-115_Crazed-Arsonist_E_C_die,official_gallery_completion,S1-AZK01-115_Crazed-Arsonist_E_C_die,Booster,https://static-content.azuki.com/tcg/card_art/S1-AZK01-115_Crazed-Arsonist_E_C_die.jpg,official_gallery_api; image_view_illustrator,SUBTYPE_3; PLUS_ATK; REF_IP; REF_ID; REF_IP2; REF_ID2; F_TEXT; DEFINITION_TEXT; RULING_TEXT; ALT_IMG,image_credit_read
AZK01-116,4,Tenmoku Daiki,Fire,Entity,Blazerker,Brawler,,3,3,2,,,,,,R,Pandart Studio,,Charge (Can attack the same turn it enters the Garden),On Play,You must deal 3 damage to your leader.,,Charge,,Booster,https://static-content.azuki.com/tcg/card_art/S1-AZK01-116_Tenmoku-Daiki_E_R_die.jpg,,azuki_tcg_official_gallery:S1-AZK01-116_Tenmoku-Daiki_E_R_die,official_gallery_completion,S1-AZK01-116_Tenmoku-Daiki_E_R_die,Booster,https://static-content.azuki.com/tcg/card_art/S1-AZK01-116_Tenmoku-Daiki_E_R_die.jpg,official_gallery_api; image_view_illustrator,SUBTYPE_3; PLUS_ATK; REF_IP; REF_ID; REF_IP2; REF_ID2; E_1; F_TEXT; RULING_TEXT; ALT_IMG,image_credit_read
AZK01-117,1,Ignition Pact,Fire,Spell,Blazerker,,,,,,,,,,,UC,Twisted Hand Studio,Main,Deal 2 damage to your leader: Give an entity with a cost of 5 or less Charge (Can attack the same turn it enters the Garden) until the end of the turn.,,,,Charge,Spell,Booster,https://static-content.azuki.com/tcg/card_art/S1-AZK01-117_Ignition-Pact_S_UC_die.jpg,,azuki_tcg_official_gallery:S1-AZK01-117_Ignition-Pact_S_UC_die,official_gallery_completion,S1-AZK01-117_Ignition-Pact_S_UC_die,Booster,https://static-content.azuki.com/tcg/card_art/S1-AZK01-117_Ignition-Pact_S_UC_die.jpg,official_gallery_api; image_view_illustrator,SUBTYPE_2; SUBTYPE_3; GATE_PWR; ATK; HP; PLUS_ATK; REF_IP; REF_ID; REF_IP2; REF_ID2; E_2; E_2_TEXT; F_TEXT; ALT_IMG,image_credit_read
AZK01-118,4,Bandit Ringleader,Fire,Entity,Bandit,Scorchweaver,,2,2,2,,,,,,C,Twisted Hand Studio,On Play,"You may deal 1 damage to an entity in your Garden: If you played 2 other cards this turn, deal up to 2 damage to an entity in your opponent's Garden.",,,,,,Booster,https://static-content.azuki.com/tcg/card_art/S1-AZK01-118_Bandit-Ringleader_E_C_die.jpg,,azuki_tcg_official_gallery:S1-AZK01-118_Bandit-Ringleader_E_C_die,official_gallery_completion,S1-AZK01-118_Bandit-Ringleader_E_C_die,Booster,https://static-content.azuki.com/tcg/card_art/S1-AZK01-118_Bandit-Ringleader_E_C_die.jpg,official_gallery_api; image_view_illustrator,SUBTYPE_3; PLUS_ATK; REF_IP; REF_ID; REF_IP2; REF_ID2; E_2; E_2_TEXT; F_TEXT; DEFINITION_TEXT; RULING_TEXT; ALT_IMG,image_credit_read
AZK01-119,,Piko of Thousand Blades,Lightning,Leader,Cat,Steelborn,,,,20,,,,,,L ★,Twisted Hand Studio,Once/Turn; Main,"Pay 3 IKZ: Until the end of the turn, an entity in your Garden that is equipped with a (Weapon) card gets +1 attack for each (Weapon) card in your discard pile, capped at +3 attack.",,,,,,Booster,https://static-content.azuki.com/tcg/card_art/S1-AZK01-119A_Piko-of-Thousand-Blades_L_L_die.jpg,,azuki_tcg_official_gallery:S1-AZK01-119A_Piko-of-Thousand-Blades_L_L_die,official_gallery_completion,S1-AZK01-119A_Piko-of-Thousand-Blades_L_L_die,Booster,https://static-content.azuki.com/tcg/card_art/S1-AZK01-119A_Piko-of-Thousand-Blades_L_L_die.jpg,official_gallery_api; image_view_illustrator,IKZ COST; SUBTYPE_3; GATE_PWR; ATK; PLUS_ATK; REF_IP; REF_ID; REF_IP2; REF_ID2; E_2; E_2_TEXT; F_TEXT; DEFINITION_TEXT; RULING_TEXT; ALT_IMG,image_credit_read
AZK01-119,,Piko of Thousand Blades,Lightning,Leader,Cat,Steelborn,,,,20,,,,,,L,Twisted Hand Studio,Once/Turn; Main,"Pay 3 IKZ: Until the end of the turn, an entity in your Garden that is equipped with a (Weapon) card gets +1 attack for each (Weapon) card in your discard pile, capped at +3 attack.",,,,,,Booster,https://static-content.azuki.com/tcg/card_art/S1-AZK01-119_Piko-of-Thousand-Blades_L_L_die.jpg,,azuki_tcg_official_gallery:S1-AZK01-119_Piko-of-Thousand-Blades_L_L_die,official_gallery_completion,S1-AZK01-119_Piko-of-Thousand-Blades_L_L_die,Booster,https://static-content.azuki.com/tcg/card_art/S1-AZK01-119_Piko-of-Thousand-Blades_L_L_die.jpg,official_gallery_api; image_view_illustrator,IKZ COST; SUBTYPE_3; GATE_PWR; ATK; PLUS_ATK; REF_IP; REF_ID; REF_IP2; REF_ID2; E_2; E_2_TEXT; F_TEXT; DEFINITION_TEXT; RULING_TEXT; ALT_IMG,image_credit_read
AZK01-120,,Stormchain Gate,Lightning,Gate,Gate,,,,,,,,,,,G,Twisted Hand Studio,,(TAP) Portal an untapped entity from the Alley into the Garden: You may re-equip a weapon in your Garden with a cost equal to or less than the (Gate Power) of the portaled entity to a different leader or entity in your Garden.,,,,,Gate,Booster,https://static-content.azuki.com/tcg/card_art/S1-AZK01-120_Stormchain-Gate_G_G_die.jpg,,azuki_tcg_official_gallery:S1-AZK01-120_Stormchain-Gate_G_G_die,official_gallery_completion,S1-AZK01-120_Stormchain-Gate_G_G_die,Booster,https://static-content.azuki.com/tcg/card_art/S1-AZK01-120_Stormchain-Gate_G_G_die.jpg,official_gallery_api; image_view_illustrator,IKZ COST; SUBTYPE_2; SUBTYPE_3; GATE_PWR; ATK; HP; PLUS_ATK; REF_IP; REF_ID; REF_IP2; REF_ID2; E_1; E_2; E_2_TEXT; F_TEXT; DEFINITION_TEXT; ALT_IMG,image_credit_read
AZK01-121,,Kagoro of the Burnt Path,Fire,Leader,Loneflame,Red Panda,,,,20,,,,,,L ★,steamboy,Once/Turn; Main,"Pay 2 IKZ: This card gains +1 attack for each entity you played this turn, capped at +2 attack, until the end of the turn.",,,,,,Booster,https://static-content.azuki.com/tcg/card_art/S1-AZK01-121A_Kagoro-of-the-Burnt-Path_L_L_die.jpg,,azuki_tcg_official_gallery:S1-AZK01-121A_Kagoro-of-the-Burnt-Path_L_L_die,official_gallery_completion,S1-AZK01-121A_Kagoro-of-the-Burnt-Path_L_L_die,Booster,https://static-content.azuki.com/tcg/card_art/S1-AZK01-121A_Kagoro-of-the-Burnt-Path_L_L_die.jpg,official_gallery_api; image_view_illustrator,IKZ COST; SUBTYPE_3; GATE_PWR; ATK; PLUS_ATK; REF_IP; REF_ID; REF_IP2; REF_ID2; E_2; E_2_TEXT; F_TEXT; DEFINITION_TEXT; RULING_TEXT; ALT_IMG,image_credit_read
AZK01-121,,Kagoro of the Burnt Path,Fire,Leader,Loneflame,Red Panda,,,,20,,,,,,L,Twisted Hand Studio,Once/Turn; Main,"Pay 2 IKZ: This card gains +1 attack for each entity you played this turn, capped at +2 attack, until the end of the turn.",,,,,,Booster,https://static-content.azuki.com/tcg/card_art/S1-AZK01-121_Kagoro-of-the-Burnt-Path_L_L_die.jpg,,azuki_tcg_official_gallery:S1-AZK01-121_Kagoro-of-the-Burnt-Path_L_L_die,official_gallery_completion,S1-AZK01-121_Kagoro-of-the-Burnt-Path_L_L_die,Booster,https://static-content.azuki.com/tcg/card_art/S1-AZK01-121_Kagoro-of-the-Burnt-Path_L_L_die.jpg,official_gallery_api; image_view_illustrator,IKZ COST; SUBTYPE_3; GATE_PWR; ATK; PLUS_ATK; REF_IP; REF_ID; REF_IP2; REF_ID2; E_2; E_2_TEXT; F_TEXT; DEFINITION_TEXT; RULING_TEXT; ALT_IMG,image_credit_read
AZK01-122,,Rushfire Gate,Fire,Gate,Gate,,,,,,,,,,,G,Twisted Hand Studio,Charge,"(TAP) Portal an untapped entity from the Alley into the Garden, then you may play an entity with a cost equal to or less than the (Gate Power) of the portaled entity from your hand and give it Charge (Can attack the same turn it enters the Garden), then you must sacrifice that card at the end of the turn.",,,,Charge,Gate,Booster,https://static-content.azuki.com/tcg/card_art/S1-AZK01-122_Rushfire-Gate_G_G_die.jpg,,azuki_tcg_official_gallery:S1-AZK01-122_Rushfire-Gate_G_G_die,official_gallery_completion,S1-AZK01-122_Rushfire-Gate_G_G_die,Booster,https://static-content.azuki.com/tcg/card_art/S1-AZK01-122_Rushfire-Gate_G_G_die.jpg,official_gallery_api; image_view_illustrator,IKZ COST; SUBTYPE_2; SUBTYPE_3; GATE_PWR; ATK; HP; PLUS_ATK; REF_IP; REF_ID; REF_IP2; REF_ID2; E_2; E_2_TEXT; F_TEXT; ALT_IMG,image_credit_read
AZK01-123,,Goro Graveloth,Earth,Leader,Obsidian,Sloth,,,,20,,,,,,L ★,Twisted Hand Studio,Once/Turn; Main,Pay 1 IKZ: Give an entity in your garden +1 health until the end of the turn.,,,,,,Booster,https://static-content.azuki.com/tcg/card_art/S1-AZK01-123A_Goro-Graveloth_L_L_die.jpg,,azuki_tcg_official_gallery:S1-AZK01-123A_Goro-Graveloth_L_L_die,official_gallery_completion,S1-AZK01-123A_Goro-Graveloth_L_L_die,Booster,https://static-content.azuki.com/tcg/card_art/S1-AZK01-123A_Goro-Graveloth_L_L_die.jpg,official_gallery_api; image_view_illustrator,IKZ COST; SUBTYPE_3; GATE_PWR; ATK; PLUS_ATK; REF_IP; REF_ID; REF_IP2; REF_ID2; E_2; E_2_TEXT; F_TEXT; DEFINITION_TEXT; RULING_TEXT; ALT_IMG,image_credit_read
AZK01-123,,Goro Graveloth,Earth,Leader,Obsidian,Sloth,,,,20,,,,,,L,Twisted Hand Studio,Once/Turn; Main,Pay 1 IKZ: Give an entity in your garden +1 health until the end of the turn.,,,,,,Booster,https://static-content.azuki.com/tcg/card_art/S1-AZK01-123_Goro-Graveloth_L_L_die.jpg,,azuki_tcg_official_gallery:S1-AZK01-123_Goro-Graveloth_L_L_die,official_gallery_completion,S1-AZK01-123_Goro-Graveloth_L_L_die,Booster,https://static-content.azuki.com/tcg/card_art/S1-AZK01-123_Goro-Graveloth_L_L_die.jpg,official_gallery_api; image_view_illustrator,IKZ COST; SUBTYPE_3; GATE_PWR; ATK; PLUS_ATK; REF_IP; REF_ID; REF_IP2; REF_ID2; E_2; E_2_TEXT; F_TEXT; DEFINITION_TEXT; RULING_TEXT; ALT_IMG,image_credit_read
AZK01-124,,Gate of Devotion,Earth,Gate,Gate,,,,,,,,,,,G,Twisted Hand Studio,,"(TAP) Portal an untapped entity from the Alley into the Garden, then you may sacrifice another untapped entity in your Garden with a cost equal to or less than the (Gate Power) of the portaled entity; if you do, you may deal damage to an entity in your opponent's Garden equal to the health of the sacrificed entity.",,,,,Gate,Booster,https://static-content.azuki.com/tcg/card_art/S1-AZK01-124_Gate-of-Devotion-Gate_G_G_die.jpg,,azuki_tcg_official_gallery:S1-AZK01-124_Gate-of-Devotion-Gate_G_G_die,official_gallery_completion,S1-AZK01-124_Gate-of-Devotion-Gate_G_G_die,Booster,https://static-content.azuki.com/tcg/card_art/S1-AZK01-124_Gate-of-Devotion-Gate_G_G_die.jpg,official_gallery_api; image_view_illustrator,IKZ COST; SUBTYPE_2; SUBTYPE_3; GATE_PWR; ATK; HP; PLUS_ATK; REF_IP; REF_ID; REF_IP2; REF_ID2; E_1; E_2; E_2_TEXT; F_TEXT; DEFINITION_TEXT; ALT_IMG,image_credit_read
AZK01-125,,Benzai the Sly,Water,Leader,Frog,Merchant,Watercrafting,,,20,,,,,,L ★,Twisted Hand Studio,Once/Turn; Main; Response,"Pay 1 IKZ: If you discarded a card this turn, the next card you play this turn costs 2 less IKZ.",,,,,,Booster,https://static-content.azuki.com/tcg/card_art/S1-AZK01-125A_Benzai-the-Sly_L_L_die.jpg,,azuki_tcg_official_gallery:S1-AZK01-125A_Benzai-the-Sly_L_L_die,official_gallery_completion,S1-AZK01-125A_Benzai-the-Sly_L_L_die,Booster,https://static-content.azuki.com/tcg/card_art/S1-AZK01-125A_Benzai-the-Sly_L_L_die.jpg,official_gallery_api; image_view_illustrator,IKZ COST; GATE_PWR; ATK; PLUS_ATK; REF_IP; REF_ID; REF_IP2; REF_ID2; E_2; E_2_TEXT; F_TEXT; DEFINITION_TEXT; RULING_TEXT; ALT_IMG,image_credit_read
AZK01-125,,Benzai the Sly,Water,Leader,Frog,Merchant,Watercrafting,,,20,,,,,,L,Twisted Hand Studio,Once/Turn; Main; Response,"Pay 1 IKZ: If you discarded a card this turn, the next card you play this turn costs 2 less IKZ.",,,,,,Booster,https://static-content.azuki.com/tcg/card_art/S1-AZK01-125_Benzai-the-Sly_L_L_die.jpg,,azuki_tcg_official_gallery:S1-AZK01-125_Benzai-the-Sly_L_L_die,official_gallery_completion,S1-AZK01-125_Benzai-the-Sly_L_L_die,Booster,https://static-content.azuki.com/tcg/card_art/S1-AZK01-125_Benzai-the-Sly_L_L_die.jpg,official_gallery_api; image_view_illustrator,IKZ COST; GATE_PWR; ATK; PLUS_ATK; REF_IP; REF_ID; REF_IP2; REF_ID2; E_2; E_2_TEXT; F_TEXT; DEFINITION_TEXT; RULING_TEXT; ALT_IMG,image_credit_read
AZK01-126,,Gate of Echoed Waves,Water,Gate,Gate,,,,,,,,,,,G,Twisted Hand Studio,,(TAP) Portal an untapped entity from the Alley into the Garden: Return a spell card with a cost equal to or less than the (Gate Power) of the portaled entity from your discard pile to your hand.,,,,,Gate,Booster,https://static-content.azuki.com/tcg/card_art/S1-AZK01-126_Gate-of-Echoed-Waves-Gate_G_G_die.jpg,,azuki_tcg_official_gallery:S1-AZK01-126_Gate-of-Echoed-Waves-Gate_G_G_die,official_gallery_completion,S1-AZK01-126_Gate-of-Echoed-Waves-Gate_G_G_die,Booster,https://static-content.azuki.com/tcg/card_art/S1-AZK01-126_Gate-of-Echoed-Waves-Gate_G_G_die.jpg,official_gallery_api; image_view_illustrator,IKZ COST; SUBTYPE_2; SUBTYPE_3; GATE_PWR; ATK; HP; PLUS_ATK; REF_IP; REF_ID; REF_IP2; REF_ID2; E_1; E_2; E_2_TEXT; F_TEXT; DEFINITION_TEXT; ALT_IMG,image_credit_read
AZK01-127,1,Sundering Strike,Neutral,Spell,Samurai,,,,,,,,,,,UC,Twisted Hand Studio,Response,Deal 1 damage to an entity in your opponent's Garden.,,,,,Spell,Booster,https://static-content.azuki.com/tcg/card_art/S1-AZK01-127_Sundering-Strike_S_UC_die.jpg,,azuki_tcg_official_gallery:S1-AZK01-127_Sundering-Strike_S_UC_die,official_gallery_completion,S1-AZK01-127_Sundering-Strike_S_UC_die,Booster,https://static-content.azuki.com/tcg/card_art/S1-AZK01-127_Sundering-Strike_S_UC_die.jpg,official_gallery_api; image_view_illustrator,SUBTYPE_2; SUBTYPE_3; GATE_PWR; ATK; HP; PLUS_ATK; REF_IP; REF_ID; REF_IP2; REF_ID2; E_2; E_2_TEXT; F_TEXT; DEFINITION_TEXT; ALT_IMG,image_credit_read
AZK01-128,2,Wrong Step,Earth,Spell,Earthfury,Obsidian,,,,,,,,,,UC,Twisted Hand Studio,Response,Destroy an attacking entity with a health of 2 or less.,,,,,Spell,Booster,https://static-content.azuki.com/tcg/card_art/S1-AZK01-128_Wrong-Step_S_UC_die.jpg,,azuki_tcg_official_gallery:S1-AZK01-128_Wrong-Step_S_UC_die,official_gallery_completion,S1-AZK01-128_Wrong-Step_S_UC_die,Booster,https://static-content.azuki.com/tcg/card_art/S1-AZK01-128_Wrong-Step_S_UC_die.jpg,official_gallery_api; image_view_illustrator,SUBTYPE_3; GATE_PWR; ATK; HP; PLUS_ATK; REF_IP; REF_ID; REF_IP2; REF_ID2; E_2; E_2_TEXT; F_TEXT; DEFINITION_TEXT; ALT_IMG,image_credit_read
AZK01-129,5,Silk Tongue Velya,Fire,Entity,Black Jade,Pyreskin,Wildfire,1,1,4,,,,,,UC,Twisted Hand Studio,,"""Defender (If this card is in the Garden, you may tap it to redirect an attack to this card)",Once/Turn,"Whenever this entity takes or deals damage, deal 1 damage to all leaders.""",,Defender,,Booster,https://static-content.azuki.com/tcg/card_art/S1-AZK01-129_Silk-Tongue-Velya_E_UC_die.jpg,,azuki_tcg_official_gallery:S1-AZK01-129_Silk-Tongue-Velya_E_UC_die,official_gallery_completion,S1-AZK01-129_Silk-Tongue-Velya_E_UC_die,Booster,https://static-content.azuki.com/tcg/card_art/S1-AZK01-129_Silk-Tongue-Velya_E_UC_die.jpg,official_gallery_api; image_view_illustrator,PLUS_ATK; REF_IP; REF_ID; REF_IP2; REF_ID2; E_1; F_TEXT; RULING_TEXT; ALT_IMG,image_credit_read
AZP-001,,IKZ Token (Yuki),,IKZ,IKZ,Token,,,,,,Azuki,147,,,,steamboy,,,,,,,,Alpha,https://static-content.azuki.com/tcg/card_art/AZP-001_IKZ!_IKZ-Token-AX-Participation_Die.jpg,,azuki_tcg_official_gallery:AZP-001_IKZ!_IKZ-Token-AX-Participation_Die,alpha_master_sheet_crosswalk,AZP-001_IKZ!_IKZ-Token-AX-Participation_Die,Promo,https://static-content.azuki.com/tcg/card_art/AZP-001_IKZ!_IKZ-Token-AX-Participation_Die.jpg,linked_alpha_master_sheet; official_gallery_image_url,IKZ COST; ELEMENT; SUBTYPE_3; GATE_PWR; ATK; HP; PLUS_ATK; REF_IP2; REF_ID2; RARITY; E_1; E_1_TEXT; E_2; E_2_TEXT; F_TEXT; DEFINITION_TEXT; RULING_TEXT; ALT_IMG,sheet_sourced
AZP-002,,IKZ Token (Yuki Winner),,IKZ,IKZ,Token,,,,,,Azuki,147,,,,steamboy,,,,,,,,Azuki Trial Event Winner,https://static-content.azuki.com/tcg/card_art/AZP-002_IKZ!_IKZ-Token-AX-Winner_Die.jpg,,azuki_tcg_official_gallery:AZP-002_IKZ!_IKZ-Token-AX-Winner_Die,alpha_master_sheet_crosswalk,AZP-002_IKZ!_IKZ-Token-AX-Winner_Die,Promo,https://static-content.azuki.com/tcg/card_art/AZP-002_IKZ!_IKZ-Token-AX-Winner_Die.jpg,linked_alpha_master_sheet; official_gallery_image_url,IKZ COST; ELEMENT; SUBTYPE_3; GATE_PWR; ATK; HP; PLUS_ATK; REF_IP2; REF_ID2; RARITY; E_1; E_1_TEXT; E_2; E_2_TEXT; F_TEXT; DEFINITION_TEXT; RULING_TEXT; ALT_IMG,sheet_sourced
AZP-003,,IKZ,Neutral,IKZ,IKZ,,,,,,,,,,,IKZ ★,Crowex,,,,,,,IKZ,Promo,https://static-content.azuki.com/tcg/card_art/AZP-003_IKZ_INV26-Participation_die.jpg,,azuki_tcg_official_gallery:AZP-003_IKZ_INV26-Participation_die,official_gallery_completion,AZP-003_IKZ_INV26-Participation_die,Promo,https://static-content.azuki.com/tcg/card_art/AZP-003_IKZ_INV26-Participation_die.jpg,official_gallery_api; image_view_illustrator,IKZ COST; SUBTYPE_2; SUBTYPE_3; GATE_PWR; ATK; HP; PLUS_ATK; REF_IP; REF_ID; REF_IP2; REF_ID2; E_1; E_1_TEXT; E_2; E_2_TEXT; F_TEXT; DEFINITION_TEXT; ALT_IMG,image_credit_read
IKZ-001,,IKZ,,IKZ,IKZ,,,,,,,,,,,,Tomugi,,,,,,,,Alpha,https://static-content.azuki.com/tcg/card_art/IKZ-001A_IKZ!_IKZ_Die.jpg,,azuki_tcg_official_gallery:IKZ-001A_IKZ!_IKZ_Die,alpha_master_sheet_crosswalk,IKZ-001A_IKZ!_IKZ_Die,Booster,https://static-content.azuki.com/tcg/card_art/IKZ-001A_IKZ!_IKZ_Die.jpg,linked_alpha_master_sheet; official_gallery_image_url,IKZ COST; ELEMENT; SUBTYPE_2; SUBTYPE_3; GATE_PWR; ATK; HP; PLUS_ATK; REF_IP; REF_ID; REF_IP2; REF_ID2; RARITY; E_1; E_1_TEXT; E_2; E_2_TEXT; F_TEXT; DEFINITION_TEXT; RULING_TEXT; ALT_IMG,sheet_sourced
IKZ-001,,IKZ,,IKZ,IKZ,,,,,,,,,,,,Tomugi,,,,,,,,Alpha,https://static-content.azuki.com/tcg/card_art/IKZ-001_IKZ!_IKZ_die.jpg,,azuki_tcg_official_gallery:IKZ-001_IKZ!_IKZ_die,alpha_master_sheet_crosswalk,IKZ-001_IKZ!_IKZ_die,Starter Deck 1; Starter Deck 2; Starter Deck 3; Starter Deck 4; Booster,https://static-content.azuki.com/tcg/card_art/IKZ-001_IKZ!_IKZ_die.jpg,linked_alpha_master_sheet; official_gallery_image_url,IKZ COST; ELEMENT; SUBTYPE_2; SUBTYPE_3; GATE_PWR; ATK; HP; PLUS_ATK; REF_IP; REF_ID; REF_IP2; REF_ID2; RARITY; E_1; E_1_TEXT; E_2; E_2_TEXT; F_TEXT; DEFINITION_TEXT; RULING_TEXT; ALT_IMG,sheet_sourced
IKZ-002,,IKZ Token,,IKZ,IKZ,Token,,,,,,,,,,,DKANG!,,,,,,,,Alpha,https://static-content.azuki.com/tcg/card_art/IKZ-002A_IKZ!_IKZ-Token_Die.jpg,,azuki_tcg_official_gallery:IKZ-002A_IKZ!_IKZ-Token_Die,alpha_master_sheet_crosswalk,IKZ-002A_IKZ!_IKZ-Token_Die,Alpha,https://static-content.azuki.com/tcg/card_art/IKZ-002A_IKZ!_IKZ-Token_Die.jpg,linked_alpha_master_sheet; official_gallery_image_url,IKZ COST; ELEMENT; SUBTYPE_3; GATE_PWR; ATK; HP; PLUS_ATK; REF_IP; REF_ID; REF_IP2; REF_ID2; RARITY; E_1; E_1_TEXT; E_2; E_2_TEXT; F_TEXT; DEFINITION_TEXT; RULING_TEXT; ALT_IMG,sheet_sourced
IKZ-002,,IKZ Token,,IKZ,IKZ,Token,,,,,,,,,,,DKANG!,,,,,,,,Alpha,https://static-content.azuki.com/tcg/card_art/IKZ-002_IKZ!_IKZ-Token_Die.jpg,,azuki_tcg_official_gallery:IKZ-002_IKZ!_IKZ-Token_Die,alpha_master_sheet_crosswalk,IKZ-002_IKZ!_IKZ-Token_Die,Starter Deck 1; Starter Deck 2; Starter Deck 3; Starter Deck 4; Booster,https://static-content.azuki.com/tcg/card_art/IKZ-002_IKZ!_IKZ-Token_Die.jpg,linked_alpha_master_sheet; official_gallery_image_url,IKZ COST; ELEMENT; SUBTYPE_3; GATE_PWR; ATK; HP; PLUS_ATK; REF_IP; REF_ID; REF_IP2; REF_ID2; RARITY; E_1; E_1_TEXT; E_2; E_2_TEXT; F_TEXT; DEFINITION_TEXT; RULING_TEXT; ALT_IMG,sheet_sourced
STT01-001,,Raizan,Lightning,Leader,Raizan,,,,,20,,Azuki,131,,,L,Pandart Studio,Once/Turn,,Charge,1 IKZ: Give an entity equipped with a Weapon card Charge,,Charge,,Alpha,https://static-content.azuki.com/tcg/card_art/S1-STT01-001AX1_Raizan_L_INV26-WINNER_die.jpg,,azuki_tcg_official_gallery:S1-STT01-001AX1_Raizan_L_INV26-WINNER_die,alpha_master_sheet_crosswalk,S1-STT01-001AX1_Raizan_L_INV26-WINNER_die,Promo,https://static-content.azuki.com/tcg/card_art/S1-STT01-001AX1_Raizan_L_INV26-WINNER_die.jpg,linked_alpha_master_sheet; official_gallery_image_url,IKZ COST; SUBTYPE_2; SUBTYPE_3; GATE_PWR; ATK; PLUS_ATK; REF_IP2; REF_ID2; E_1_TEXT; F_TEXT; RULING_TEXT; ALT_IMG,sheet_sourced
STT01-001,,Raizan,Lightning,Leader,Raizan,,,,,20,,Azuki,131,,,L,Pandart Studio,Once/Turn,,Charge,1 IKZ: Give an entity equipped with a Weapon card Charge,,Charge,,Alpha,https://static-content.azuki.com/tcg/card_art/S1-STT01-001AX2_Raizan_L_INV26-SECOND_die.jpg,,azuki_tcg_official_gallery:S1-STT01-001AX2_Raizan_L_INV26-SECOND_die,alpha_master_sheet_crosswalk,S1-STT01-001AX2_Raizan_L_INV26-SECOND_die,Promo,https://static-content.azuki.com/tcg/card_art/S1-STT01-001AX2_Raizan_L_INV26-SECOND_die.jpg,linked_alpha_master_sheet; official_gallery_image_url,IKZ COST; SUBTYPE_2; SUBTYPE_3; GATE_PWR; ATK; PLUS_ATK; REF_IP2; REF_ID2; E_1_TEXT; F_TEXT; RULING_TEXT; ALT_IMG,sheet_sourced
STT01-001,,Raizan,Lightning,Leader,Raizan,,,,,20,,Azuki,131,,,L,Pandart Studio,Once/Turn,,Charge,1 IKZ: Give an entity equipped with a Weapon card Charge,,Charge,,Alpha,https://static-content.azuki.com/tcg/card_art/S1-STT01-001_Raizan_L_L_die.jpg,,azuki_tcg_official_gallery:S1-STT01-001_Raizan_L_L_die,alpha_master_sheet_crosswalk,S1-STT01-001_Raizan_L_L_die,Starter Deck 1,https://static-content.azuki.com/tcg/card_art/S1-STT01-001_Raizan_L_L_die.jpg,linked_alpha_master_sheet; official_gallery_image_url,IKZ COST; SUBTYPE_2; SUBTYPE_3; GATE_PWR; ATK; PLUS_ATK; REF_IP2; REF_ID2; E_1_TEXT; F_TEXT; RULING_TEXT; ALT_IMG,sheet_sourced
STT01-001,,Raizan,Lightning,Leader,Raizan,,,,,20,,Azuki,131,,,L,Pandart Studio,Once/Turn,,Charge,1 IKZ: Give an entity equipped with a Weapon card Charge,,Charge,,Alpha,https://static-content.azuki.com/tcg/card_art/STT01-001A_Raizan_L_AA_Die.jpg,,azuki_tcg_official_gallery:STT01-001A_Raizan_L_AA_Die,alpha_master_sheet_crosswalk,STT01-001A_Raizan_L_AA_Die,Booster,https://static-content.azuki.com/tcg/card_art/STT01-001A_Raizan_L_AA_Die.jpg,linked_alpha_master_sheet; official_gallery_image_url,IKZ COST; SUBTYPE_2; SUBTYPE_3; GATE_PWR; ATK; PLUS_ATK; REF_IP2; REF_ID2; E_1_TEXT; F_TEXT; RULING_TEXT; ALT_IMG,sheet_sourced
STT01-002,,Surge Gate,Lightning,Gate,Gate,,,,,,,,,,,G,Ryder,,Portal an untapped entity from the Alley into the Garden then you may play from your discard pile a Weapon card with a cost equal to or less than the GatePowerIcon of the portaled entity.,,,,,,Alpha,https://static-content.azuki.com/tcg/card_art/S1-STT01-002_Surge-Gate_G_G_die.jpg,,azuki_tcg_official_gallery:S1-STT01-002_Surge-Gate_G_G_die,alpha_master_sheet_crosswalk,S1-STT01-002_Surge-Gate_G_G_die,Starter Deck 1,https://static-content.azuki.com/tcg/card_art/S1-STT01-002_Surge-Gate_G_G_die.jpg,linked_alpha_master_sheet; official_gallery_image_url,IKZ COST; SUBTYPE_2; SUBTYPE_3; GATE_PWR; ATK; HP; PLUS_ATK; REF_IP; REF_ID; REF_IP2; REF_ID2; E_1; E_2; E_2_TEXT; F_TEXT; DEFINITION_TEXT; RULING_TEXT; ALT_IMG,sheet_sourced
STT01-002,,Surge Gate,Lightning,Gate,Gate,,,,,,,,,,,G,Ryder,,Portal an untapped entity from the Alley into the Garden then you may play from your discard pile a Weapon card with a cost equal to or less than the GatePowerIcon of the portaled entity.,,,,,,Alpha,https://static-content.azuki.com/tcg/card_art/STT01-002A_Surge-Gate_G_die.jpg,,azuki_tcg_official_gallery:STT01-002A_Surge-Gate_G_die,alpha_master_sheet_crosswalk,STT01-002A_Surge-Gate_G_die,Booster,https://static-content.azuki.com/tcg/card_art/STT01-002A_Surge-Gate_G_die.jpg,linked_alpha_master_sheet; official_gallery_image_url,IKZ COST; SUBTYPE_2; SUBTYPE_3; GATE_PWR; ATK; HP; PLUS_ATK; REF_IP; REF_ID; REF_IP2; REF_ID2; E_1; E_2; E_2_TEXT; F_TEXT; DEFINITION_TEXT; RULING_TEXT; ALT_IMG,sheet_sourced
STT01-003,1,Crate Rate Kurobo,Lightning,Entity,Black Jade,,,1,1,1,,,,,,C,Pandart Studio,On Play,"Put 3 cards from the top of your deck into your discard pile. If you have no Weapon cards in your discard pile when you activate this ability, put 5 cards instead.",,,,,,Alpha,https://static-content.azuki.com/tcg/card_art/S1-STT01-003_Crate-Rat-Kurobo_E_C_die.jpg,,azuki_tcg_official_gallery:S1-STT01-003_Crate-Rat-Kurobo_E_C_die,alpha_master_sheet_crosswalk,S1-STT01-003_Crate-Rat-Kurobo_E_C_die,Starter Deck 1,https://static-content.azuki.com/tcg/card_art/S1-STT01-003_Crate-Rat-Kurobo_E_C_die.jpg,linked_alpha_master_sheet; official_gallery_image_url,SUBTYPE_2; SUBTYPE_3; PLUS_ATK; REF_IP; REF_ID; REF_IP2; REF_ID2; E_2; E_2_TEXT; F_TEXT; DEFINITION_TEXT; RULING_TEXT; ALT_IMG,sheet_sourced
STT01-004,1,Black Jade Recruit,Neutral,Entity,Black Jade,Dawnling,,1,1,1,,Azuki,27,,,C,Volta,On Play,"You may discard a Weapon card: Look at the top 5 cards of your deck, reveal up to 1 Weapon card and add it to your hand, then bottom deck the rest in any order.",,,"The world's mine to take, but a girl's gotta chill sometimes.",,,Alpha,https://static-content.azuki.com/tcg/card_art/S1-STT01-004_Black-Jade-Recruit_E_C_die.jpg,,azuki_tcg_official_gallery:S1-STT01-004_Black-Jade-Recruit_E_C_die,alpha_master_sheet_crosswalk,S1-STT01-004_Black-Jade-Recruit_E_C_die,Starter Deck 1,https://static-content.azuki.com/tcg/card_art/S1-STT01-004_Black-Jade-Recruit_E_C_die.jpg,linked_alpha_master_sheet; official_gallery_image_url,SUBTYPE_3; PLUS_ATK; REF_IP2; REF_ID2; E_2; E_2_TEXT; DEFINITION_TEXT; RULING_TEXT; ALT_IMG,sheet_sourced
STT01-005,2,Alpine Prowler,Lightning,Entity,Bandit,,,2,1,1,,Elementals,10410,,,C,Volta,Alley Only Ability,You may sacrifice this card: Draw 3 and discard 2.,,,"Snow won't slow me down, not when trouble's this much fun!",,,Alpha,https://static-content.azuki.com/tcg/card_art/S1-STT01-005_Alpine-Prowler_E_C_die.jpg,,azuki_tcg_official_gallery:S1-STT01-005_Alpine-Prowler_E_C_die,alpha_master_sheet_crosswalk,S1-STT01-005_Alpine-Prowler_E_C_die,Starter Deck 1,https://static-content.azuki.com/tcg/card_art/S1-STT01-005_Alpine-Prowler_E_C_die.jpg,linked_alpha_master_sheet; official_gallery_image_url,SUBTYPE_2; SUBTYPE_3; PLUS_ATK; REF_IP2; REF_ID2; E_2; E_2_TEXT; DEFINITION_TEXT; RULING_TEXT; ALT_IMG,sheet_sourced
STT01-006,2,"Silver Current, Haruhi",Lightning,Entity,Elder,Monk,,1,1,2,,,,,,R,Pandart Studio,Once/Turn,,When Attacking,Deal up to 1 damage to a leader or and entity in your opponent's Garden.,"Pupils, watch and learn!",,,Alpha,https://static-content.azuki.com/tcg/card_art/S1-STT01-006_Silver-Current-Haruhi_E_R_die.jpg,,azuki_tcg_official_gallery:S1-STT01-006_Silver-Current-Haruhi_E_R_die,alpha_master_sheet_crosswalk,S1-STT01-006_Silver-Current-Haruhi_E_R_die,Starter Deck 1,https://static-content.azuki.com/tcg/card_art/S1-STT01-006_Silver-Current-Haruhi_E_R_die.jpg,linked_alpha_master_sheet; official_gallery_image_url,SUBTYPE_3; PLUS_ATK; REF_IP; REF_ID; REF_IP2; REF_ID2; E_1_TEXT; DEFINITION_TEXT; RULING_TEXT; ALT_IMG,sheet_sourced
STT01-007,2,Alley Guy,Neutral,Entity,Dawnling,Alley Dweller,,0,1,2,,Azuki,101,,,C,Skycrow,On Play,You may discard 1: Draw 1.,,,,,,Alpha,https://static-content.azuki.com/tcg/card_art/S1-STT01-007_Alley-Guy_E_C_die.jpg,,azuki_tcg_official_gallery:S1-STT01-007_Alley-Guy_E_C_die,alpha_master_sheet_crosswalk,S1-STT01-007_Alley-Guy_E_C_die,Starter Deck 1,https://static-content.azuki.com/tcg/card_art/S1-STT01-007_Alley-Guy_E_C_die.jpg,linked_alpha_master_sheet; official_gallery_image_url,SUBTYPE_3; PLUS_ATK; REF_IP2; REF_ID2; E_2; E_2_TEXT; F_TEXT; DEFINITION_TEXT; RULING_TEXT; ALT_IMG,sheet_sourced
STT01-008,3,Black Jade Crewleader,Lightning,Entity,Black Jade,Steelborn,,1,2,2,,Azuki,4,,,UC,DKANG!,,"When equipped with a Weapon card, this card has +1 attack",,,Let all of you remember the moment thunder took the crown.,,,Alpha,https://static-content.azuki.com/tcg/card_art/S1-STT01-008_Black-Jade-Crewleader_E_UC_die.jpg,,azuki_tcg_official_gallery:S1-STT01-008_Black-Jade-Crewleader_E_UC_die,alpha_master_sheet_crosswalk,S1-STT01-008_Black-Jade-Crewleader_E_UC_die,Starter Deck 1,https://static-content.azuki.com/tcg/card_art/S1-STT01-008_Black-Jade-Crewleader_E_UC_die.jpg,linked_alpha_master_sheet; official_gallery_image_url,SUBTYPE_3; PLUS_ATK; REF_IP2; REF_ID2; E_1; E_2; E_2_TEXT; DEFINITION_TEXT; RULING_TEXT; ALT_IMG,sheet_sourced
STT01-009,4,Mastersmith Yamada,Lightning,Entity,Steelborn,,,2,2,2,,,,,,UC,Pandart Studio,,If there are more Weapon cards in your discard pile this card has +2 attack,,,"Some build weapons with fire, I prefer something with a little more shock.",,,Alpha,https://static-content.azuki.com/tcg/card_art/S1-STT01-009_Mastersmith-Yamada_E_UC_die.jpg,,azuki_tcg_official_gallery:S1-STT01-009_Mastersmith-Yamada_E_UC_die,alpha_master_sheet_crosswalk,S1-STT01-009_Mastersmith-Yamada_E_UC_die,Starter Deck 1,https://static-content.azuki.com/tcg/card_art/S1-STT01-009_Mastersmith-Yamada_E_UC_die.jpg,linked_alpha_master_sheet; official_gallery_image_url,SUBTYPE_2; SUBTYPE_3; PLUS_ATK; REF_IP; REF_ID; REF_IP2; REF_ID2; E_1; E_2; E_2_TEXT; DEFINITION_TEXT; RULING_TEXT; ALT_IMG,sheet_sourced
STT01-010,5,Indra,Lightning,Entity,Monk,Steelborn,,3,3,2,,Elementals,11714,,,R,steamboy,Charge,,,,,Charge,,Alpha,https://static-content.azuki.com/tcg/card_art/S1-STT01-010_Indra_E_R_die.jpg,,azuki_tcg_official_gallery:S1-STT01-010_Indra_E_R_die,alpha_master_sheet_crosswalk,S1-STT01-010_Indra_E_R_die,Starter Deck 1,https://static-content.azuki.com/tcg/card_art/S1-STT01-010_Indra_E_R_die.jpg,linked_alpha_master_sheet; official_gallery_image_url,SUBTYPE_3; PLUS_ATK; REF_IP2; REF_ID2; E_1_TEXT; E_2; E_2_TEXT; F_TEXT; RULING_TEXT; ALT_IMG,sheet_sourced
STT01-011,6,Raizan,Lightning,Entity,Raizan,Steelborn,,4,4,3,,Azuki,131,,,SR,Skycrow,,"As long as this card is in play, the card Ikazuchi has +5 attack instead of +4.",,,,,,Alpha,https://static-content.azuki.com/tcg/card_art/S1-STT01-011_Raizan_E_SR_die.jpg,,azuki_tcg_official_gallery:S1-STT01-011_Raizan_E_SR_die,alpha_master_sheet_crosswalk,S1-STT01-011_Raizan_E_SR_die,Starter Deck 1,https://static-content.azuki.com/tcg/card_art/S1-STT01-011_Raizan_E_SR_die.jpg,linked_alpha_master_sheet; official_gallery_image_url,SUBTYPE_3; PLUS_ATK; REF_IP2; REF_ID2; E_1; E_2; E_2_TEXT; F_TEXT; DEFINITION_TEXT; RULING_TEXT; ALT_IMG,sheet_sourced
STT01-011,6,Raizan,Lightning,Entity,Raizan,Steelborn,,4,4,3,,Azuki,131,,,SR,Skycrow,,"As long as this card is in play, the card Ikazuchi has +5 attack instead of +4.",,,,,,Alpha,https://static-content.azuki.com/tcg/card_art/STT01-011A_Raizan_E_SR_die.jpg,,azuki_tcg_official_gallery:STT01-011A_Raizan_E_SR_die,alpha_master_sheet_crosswalk,STT01-011A_Raizan_E_SR_die,Alpha,https://static-content.azuki.com/tcg/card_art/STT01-011A_Raizan_E_SR_die.jpg,linked_alpha_master_sheet; official_gallery_image_url,SUBTYPE_3; PLUS_ATK; REF_IP2; REF_ID2; E_1; E_2; E_2_TEXT; F_TEXT; DEFINITION_TEXT; RULING_TEXT; ALT_IMG,sheet_sourced
STT01-012,1,Lightning Shuriken,Lightning,Weapon,Shuriken,Shadowfang,,,,,1,,,,,C,Pandart Studio,When Attacking,Put the top card of your deck into your discard pile.,,,,,Weapon,Alpha,https://static-content.azuki.com/tcg/card_art/S1-STT01-012_Lightning-Shuriken_W_C_die.jpg,,azuki_tcg_official_gallery:S1-STT01-012_Lightning-Shuriken_W_C_die,alpha_master_sheet_crosswalk,S1-STT01-012_Lightning-Shuriken_W_C_die,Starter Deck 1,https://static-content.azuki.com/tcg/card_art/S1-STT01-012_Lightning-Shuriken_W_C_die.jpg,linked_alpha_master_sheet; official_gallery_image_url,SUBTYPE_3; GATE_PWR; ATK; HP; REF_IP; REF_ID; REF_IP2; REF_ID2; E_2; E_2_TEXT; F_TEXT; DEFINITION_TEXT; ALT_IMG,sheet_sourced
STT01-013,1,Black Jade Dagger,Neutral,Weapon,Black Jade,Dagger,,,,,1,,,,,C,Pandart Studio,When Equipping,You may deal 1 damage to your leader: This card gives an additional +1 attack.,,,,,Weapon,Alpha,https://static-content.azuki.com/tcg/card_art/S1-STT01-013_Black-Jade-Dagger_W_C_die.jpg,,azuki_tcg_official_gallery:S1-STT01-013_Black-Jade-Dagger_W_C_die,alpha_master_sheet_crosswalk,S1-STT01-013_Black-Jade-Dagger_W_C_die,Starter Deck 1,https://static-content.azuki.com/tcg/card_art/S1-STT01-013_Black-Jade-Dagger_W_C_die.jpg,linked_alpha_master_sheet; official_gallery_image_url,SUBTYPE_3; GATE_PWR; ATK; HP; REF_IP; REF_ID; REF_IP2; REF_ID2; E_2; E_2_TEXT; F_TEXT; DEFINITION_TEXT; ALT_IMG,sheet_sourced
STT01-014,2,Tenshin,Neutral,Weapon,Sword,,,,,,2,,,,,C,Pandart Studio,When Equipping,Deal up to 1 damage to a leader.,,,,,Weapon,Alpha,https://static-content.azuki.com/tcg/card_art/S1-STT01-014_Tenshin_W_C_die.jpg,,azuki_tcg_official_gallery:S1-STT01-014_Tenshin_W_C_die,alpha_master_sheet_crosswalk,S1-STT01-014_Tenshin_W_C_die,Starter Deck 1,https://static-content.azuki.com/tcg/card_art/S1-STT01-014_Tenshin_W_C_die.jpg,linked_alpha_master_sheet; official_gallery_image_url,SUBTYPE_2; SUBTYPE_3; GATE_PWR; ATK; HP; REF_IP; REF_ID; REF_IP2; REF_ID2; E_2; E_2_TEXT; F_TEXT; DEFINITION_TEXT; ALT_IMG,sheet_sourced
STT01-015,3,Tenraku,Neutral,Weapon,Sword,,,,,,3,,,,,UC,Pandart Studio,,"If you have 15 or more cards in your discard pile, this card gives an additional +1 attack.",,,,,Weapon,Alpha,https://static-content.azuki.com/tcg/card_art/S1-STT01-015_Tenraku_W_UC_die.jpg,,azuki_tcg_official_gallery:S1-STT01-015_Tenraku_W_UC_die,alpha_master_sheet_crosswalk,S1-STT01-015_Tenraku_W_UC_die,Starter Deck 1,https://static-content.azuki.com/tcg/card_art/S1-STT01-015_Tenraku_W_UC_die.jpg,linked_alpha_master_sheet; official_gallery_image_url,SUBTYPE_2; SUBTYPE_3; GATE_PWR; ATK; HP; REF_IP; REF_ID; REF_IP2; REF_ID2; E_1; E_2; E_2_TEXT; F_TEXT; DEFINITION_TEXT; ALT_IMG,sheet_sourced
STT01-016,4,Ikazuchi,Lightning,Weapon,Raizan,Sword,,,,,4,,,,,SR,Pandart Studio,When Attacking,"If equipped to a Raizan card, deal 1 damage to all entities in your opponent's Garden.",,,,,Weapon,Alpha,https://static-content.azuki.com/tcg/card_art/S1-STT01-016_Ikazuchi_W_SR_die.jpg,,azuki_tcg_official_gallery:S1-STT01-016_Ikazuchi_W_SR_die,alpha_master_sheet_crosswalk,S1-STT01-016_Ikazuchi_W_SR_die,Starter Deck 1,https://static-content.azuki.com/tcg/card_art/S1-STT01-016_Ikazuchi_W_SR_die.jpg,linked_alpha_master_sheet; official_gallery_image_url,SUBTYPE_3; GATE_PWR; ATK; HP; REF_IP; REF_ID; REF_IP2; REF_ID2; E_2; E_2_TEXT; F_TEXT; DEFINITION_TEXT; ALT_IMG,sheet_sourced
STT01-016,4,Ikazuchi,Lightning,Weapon,Raizan,Sword,,,,,4,,,,,SR,Pandart Studio,When Attacking,"If equipped to a Raizan card, deal 1 damage to all entities in your opponent's Garden.",,,,,Weapon,Alpha,https://static-content.azuki.com/tcg/card_art/STT01-016A_Ikazuchi_W_SR_die.jpg,,azuki_tcg_official_gallery:STT01-016A_Ikazuchi_W_SR_die,alpha_master_sheet_crosswalk,STT01-016A_Ikazuchi_W_SR_die,Booster,https://static-content.azuki.com/tcg/card_art/STT01-016A_Ikazuchi_W_SR_die.jpg,linked_alpha_master_sheet; official_gallery_image_url,SUBTYPE_3; GATE_PWR; ATK; HP; REF_IP; REF_ID; REF_IP2; REF_ID2; E_2; E_2_TEXT; F_TEXT; DEFINITION_TEXT; ALT_IMG,sheet_sourced
STT01-017,1,Lightning Orb,Lightning,Spell,Stormcaller,Orb,,,,,,,,,,UC,Volta,Response,Deal up to 1 damage to an entity in your opponent's Garden and up to 1 damage to another entity in your opponent's Garden.,,,,,Response,Alpha,https://static-content.azuki.com/tcg/card_art/S1-STT01-017_Lightning-Orb_S_UC_die.jpg,,azuki_tcg_official_gallery:S1-STT01-017_Lightning-Orb_S_UC_die,alpha_master_sheet_crosswalk,S1-STT01-017_Lightning-Orb_S_UC_die,Starter Deck 1,https://static-content.azuki.com/tcg/card_art/S1-STT01-017_Lightning-Orb_S_UC_die.jpg,linked_alpha_master_sheet; official_gallery_image_url,SUBTYPE_3; GATE_PWR; ATK; HP; PLUS_ATK; REF_IP; REF_ID; REF_IP2; REF_ID2; E_2; E_2_TEXT; F_TEXT; DEFINITION_TEXT; ALT_IMG,sheet_sourced
STT02-001,,Shao,Water,Leader,Shao,,,,,20,,Azuki,187,,,L,Pandart Studio,Once/Turn,1 IKZ: Reduce a leader's or an entity's attack by 1 until the end of the turn.,,,,,,Alpha,https://static-content.azuki.com/tcg/card_art/S1-STT02-001AC_Shao_L_L-AAC_die.jpg,,azuki_tcg_official_gallery:S1-STT02-001AC_Shao_L_L-AAC_die,alpha_master_sheet_crosswalk,S1-STT02-001AC_Shao_L_L-AAC_die,Booster,https://static-content.azuki.com/tcg/card_art/S1-STT02-001AC_Shao_L_L-AAC_die.jpg,linked_alpha_master_sheet; official_gallery_image_url,IKZ COST; SUBTYPE_2; SUBTYPE_3; GATE_PWR; ATK; PLUS_ATK; REF_IP2; REF_ID2; E_2; E_2_TEXT; F_TEXT; DEFINITION_TEXT; RULING_TEXT; ALT_IMG,sheet_sourced
STT02-001,,Shao,Water,Leader,Shao,,,,,20,,Azuki,187,,,L,Pandart Studio,Once/Turn,1 IKZ: Reduce a leader's or an entity's attack by 1 until the end of the turn.,,,,,,Alpha,https://static-content.azuki.com/tcg/card_art/S1-STT02-001AX_Shao_L_INV26-TOP8_die.jpg,,azuki_tcg_official_gallery:S1-STT02-001AX_Shao_L_INV26-TOP8_die,alpha_master_sheet_crosswalk,S1-STT02-001AX_Shao_L_INV26-TOP8_die,Promo,https://static-content.azuki.com/tcg/card_art/S1-STT02-001AX_Shao_L_INV26-TOP8_die.jpg,linked_alpha_master_sheet; official_gallery_image_url,IKZ COST; SUBTYPE_2; SUBTYPE_3; GATE_PWR; ATK; PLUS_ATK; REF_IP2; REF_ID2; E_2; E_2_TEXT; F_TEXT; DEFINITION_TEXT; RULING_TEXT; ALT_IMG,sheet_sourced
STT02-001,,Shao,Water,Leader,Shao,,,,,20,,Azuki,187,,,L,Pandart Studio,Once/Turn,1 IKZ: Reduce a leader's or an entity's attack by 1 until the end of the turn.,,,,,,Alpha,https://static-content.azuki.com/tcg/card_art/S1-STT02-001_Shao_L_L_die.jpg,,azuki_tcg_official_gallery:S1-STT02-001_Shao_L_L_die,alpha_master_sheet_crosswalk,S1-STT02-001_Shao_L_L_die,Starter Deck 2,https://static-content.azuki.com/tcg/card_art/S1-STT02-001_Shao_L_L_die.jpg,linked_alpha_master_sheet; official_gallery_image_url,IKZ COST; SUBTYPE_2; SUBTYPE_3; GATE_PWR; ATK; PLUS_ATK; REF_IP2; REF_ID2; E_2; E_2_TEXT; F_TEXT; DEFINITION_TEXT; RULING_TEXT; ALT_IMG,sheet_sourced
STT02-001,,Shao,Water,Leader,Shao,,,,,20,,Azuki,187,,,L,Pandart Studio,Once/Turn,1 IKZ: Reduce a leader's or an entity's attack by 1 until the end of the turn.,,,,,,Alpha,https://static-content.azuki.com/tcg/card_art/STT02-001A_Shao_L_AA_Die.jpg,,azuki_tcg_official_gallery:STT02-001A_Shao_L_AA_Die,alpha_master_sheet_crosswalk,STT02-001A_Shao_L_AA_Die,Booster,https://static-content.azuki.com/tcg/card_art/STT02-001A_Shao_L_AA_Die.jpg,linked_alpha_master_sheet; official_gallery_image_url,IKZ COST; SUBTYPE_2; SUBTYPE_3; GATE_PWR; ATK; PLUS_ATK; REF_IP2; REF_ID2; E_2; E_2_TEXT; F_TEXT; DEFINITION_TEXT; RULING_TEXT; ALT_IMG,sheet_sourced
STT02-002,,Hydromancy Gate,Water,Gate,Gate,,,,,,,,,,,G,DKANG!,,"Portal an untapped entity from the Alley into the Garden, then you may untap IKZ up to the GatePowerIcon of the portaled card.",,,,,,Alpha,https://static-content.azuki.com/tcg/card_art/S1-STT02-002_Hydromancy-Gate_G_G_die.jpg,,azuki_tcg_official_gallery:S1-STT02-002_Hydromancy-Gate_G_G_die,alpha_master_sheet_crosswalk,S1-STT02-002_Hydromancy-Gate_G_G_die,Starter Deck 2,https://static-content.azuki.com/tcg/card_art/S1-STT02-002_Hydromancy-Gate_G_G_die.jpg,linked_alpha_master_sheet; official_gallery_image_url,IKZ COST; SUBTYPE_2; SUBTYPE_3; GATE_PWR; ATK; HP; PLUS_ATK; REF_IP; REF_ID; REF_IP2; REF_ID2; E_1; E_2; E_2_TEXT; F_TEXT; DEFINITION_TEXT; RULING_TEXT; ALT_IMG,sheet_sourced
STT02-002,,Hydromancy Gate,Water,Gate,Gate,,,,,,,,,,,G,DKANG!,,"Portal an untapped entity from the Alley into the Garden, then you may untap IKZ up to the GatePowerIcon of the portaled card.",,,,,,Alpha,https://static-content.azuki.com/tcg/card_art/STT02-002A_Hydromancy-Gate_G_die.jpg,,azuki_tcg_official_gallery:STT02-002A_Hydromancy-Gate_G_die,alpha_master_sheet_crosswalk,STT02-002A_Hydromancy-Gate_G_die,Booster,https://static-content.azuki.com/tcg/card_art/STT02-002A_Hydromancy-Gate_G_die.jpg,linked_alpha_master_sheet; official_gallery_image_url,IKZ COST; SUBTYPE_2; SUBTYPE_3; GATE_PWR; ATK; HP; PLUS_ATK; REF_IP; REF_ID; REF_IP2; REF_ID2; E_1; E_2; E_2_TEXT; F_TEXT; DEFINITION_TEXT; RULING_TEXT; ALT_IMG,sheet_sourced
STT02-003,1,Hayabusa Itto,Water,Entity,Elder,Sushi Chef,,1,1,1,,,,,,C,Pandart Studio,On Play,"Look at the top 5 cards of your deck, reveal up to 1 Watercrafting card and add it to your hand, then bottom deck the rest in any order.",,,A good sushi chef knows how to cut. A great one knows when not to.,,,Alpha,https://static-content.azuki.com/tcg/card_art/S1-STT02-003_Hayabusa-Itto_E_C_die.jpg,,azuki_tcg_official_gallery:S1-STT02-003_Hayabusa-Itto_E_C_die,alpha_master_sheet_crosswalk,S1-STT02-003_Hayabusa-Itto_E_C_die,Starter Deck 2,https://static-content.azuki.com/tcg/card_art/S1-STT02-003_Hayabusa-Itto_E_C_die.jpg,linked_alpha_master_sheet; official_gallery_image_url,SUBTYPE_3; PLUS_ATK; REF_IP; REF_ID; REF_IP2; REF_ID2; E_2; E_2_TEXT; DEFINITION_TEXT; RULING_TEXT; ALT_IMG,sheet_sourced
STT02-004,1,Rei,Neutral,Entity,Dawnling,,,0,1,2,,,,,,C,Pandart Studio,,,,,"In the Alley, no one makes it out clean. You just decide what kind of dirty you can live with.",,,Alpha,https://static-content.azuki.com/tcg/card_art/S1-STT02-004_Rei_E_C_die.jpg,,azuki_tcg_official_gallery:S1-STT02-004_Rei_E_C_die,alpha_master_sheet_crosswalk,S1-STT02-004_Rei_E_C_die,Starter Deck 2,https://static-content.azuki.com/tcg/card_art/S1-STT02-004_Rei_E_C_die.jpg,linked_alpha_master_sheet; official_gallery_image_url,SUBTYPE_2; SUBTYPE_3; PLUS_ATK; REF_IP; REF_ID; REF_IP2; REF_ID2; E_1; E_1_TEXT; E_2; E_2_TEXT; DEFINITION_TEXT; RULING_TEXT; ALT_IMG,sheet_sourced
STT02-005,1,Hayabusa Saburo,Water,Entity,Sushi Chef,,,1,1,1,,,,,,UC,Pandart Studio,On Play,"If you played 2 other entities this turn, draw 1.",,,"Sensei, help me find the balance where power meets subtlety in the cut.",,,Alpha,https://static-content.azuki.com/tcg/card_art/S1-STT02-005_Hayabusa-Saburo_E_UC_die.jpg,,azuki_tcg_official_gallery:S1-STT02-005_Hayabusa-Saburo_E_UC_die,alpha_master_sheet_crosswalk,S1-STT02-005_Hayabusa-Saburo_E_UC_die,Starter Deck 2,https://static-content.azuki.com/tcg/card_art/S1-STT02-005_Hayabusa-Saburo_E_UC_die.jpg,linked_alpha_master_sheet; official_gallery_image_url,SUBTYPE_2; SUBTYPE_3; PLUS_ATK; REF_IP; REF_ID; REF_IP2; REF_ID2; E_2; E_2_TEXT; DEFINITION_TEXT; RULING_TEXT; ALT_IMG,sheet_sourced
STT02-006,2,Foamback Crab,Water,Entity,Crab,Rippleborn,Driftward,1,0,1,,,,,,C,Pandart Studio,Defender,This card cannot take damage from card effects.,,,,Defender,,Alpha,https://static-content.azuki.com/tcg/card_art/S1-STT02-006_Foamback-Crab_E_C_die.jpg,,azuki_tcg_official_gallery:S1-STT02-006_Foamback-Crab_E_C_die,alpha_master_sheet_crosswalk,S1-STT02-006_Foamback-Crab_E_C_die,Starter Deck 2,https://static-content.azuki.com/tcg/card_art/S1-STT02-006_Foamback-Crab_E_C_die.jpg,linked_alpha_master_sheet; official_gallery_image_url,PLUS_ATK; REF_IP; REF_ID; REF_IP2; REF_ID2; E_2; E_2_TEXT; F_TEXT; RULING_TEXT; ALT_IMG,sheet_sourced
STT02-007,2,Benzai the Merchant,Water,Entity,Frog,Wavecaller,,0,1,2,,,,,,C,Pandart Studio,On Play,Draw 1.,,,"Every coin you toss into my pouch brings luck bouncing your way, I promise!",,,Alpha,https://static-content.azuki.com/tcg/card_art/S1-STT02-007_Benzai-the-Merchant_E_C_die.jpg,,azuki_tcg_official_gallery:S1-STT02-007_Benzai-the-Merchant_E_C_die,alpha_master_sheet_crosswalk,S1-STT02-007_Benzai-the-Merchant_E_C_die,Starter Deck 2,https://static-content.azuki.com/tcg/card_art/S1-STT02-007_Benzai-the-Merchant_E_C_die.jpg,linked_alpha_master_sheet; official_gallery_image_url,SUBTYPE_3; PLUS_ATK; REF_IP; REF_ID; REF_IP2; REF_ID2; E_2; E_2_TEXT; DEFINITION_TEXT; RULING_TEXT; ALT_IMG,sheet_sourced
STT02-008,2,"Serene Fist, Misaki",Water,Entity,Driftward,,,0,2,1,,,,,,UC,Nohgo,,This card cannot take damage from card effects.,,,,,,Alpha,https://static-content.azuki.com/tcg/card_art/S1-STT02-008_Serene-Fist-Misaki_E_UC_die.jpg,,azuki_tcg_official_gallery:S1-STT02-008_Serene-Fist-Misaki_E_UC_die,alpha_master_sheet_crosswalk,S1-STT02-008_Serene-Fist-Misaki_E_UC_die,Starter Deck 2,https://static-content.azuki.com/tcg/card_art/S1-STT02-008_Serene-Fist-Misaki_E_UC_die.jpg,linked_alpha_master_sheet; official_gallery_image_url,SUBTYPE_2; SUBTYPE_3; PLUS_ATK; REF_IP; REF_ID; REF_IP2; REF_ID2; E_1; E_2; E_2_TEXT; F_TEXT; DEFINITION_TEXT; RULING_TEXT; ALT_IMG,sheet_sourced
STT02-009,3,Aya,Water,Entity,Watercrafting,Water Painter,,1,1,2,,,,,,C,Azuki Art Team,On Play,You may return an entity with a cost of 2 or more in your Garden to your hand: Return up to 1 entity with a cost of 2 or less in your opponent's Garden to its owner's hand.,,,,,,Alpha,https://static-content.azuki.com/tcg/card_art/S1-STT02-009_Aya_E_C_die.jpg,,azuki_tcg_official_gallery:S1-STT02-009_Aya_E_C_die,alpha_master_sheet_crosswalk,S1-STT02-009_Aya_E_C_die,Starter Deck 2,https://static-content.azuki.com/tcg/card_art/S1-STT02-009_Aya_E_C_die.jpg,linked_alpha_master_sheet; official_gallery_image_url,SUBTYPE_3; PLUS_ATK; REF_IP; REF_ID; REF_IP2; REF_ID2; E_2; E_2_TEXT; F_TEXT; DEFINITION_TEXT; RULING_TEXT; ALT_IMG,sheet_sourced
STT02-010,3,Selis of the Shore,Water,Entity,Wavecaller,,,1,1,3,,Elementals,1859,,,R,Soysauce,Garden Only Ability,"When an entity is returned to its owner's hand, you may TapIcon this card, then draw 1. (This ability is not affected by Cooldown).",,,,,,Alpha,https://static-content.azuki.com/tcg/card_art/S1-STT02-010_Selis-of-the-Shore_E_R_die.jpg,,azuki_tcg_official_gallery:S1-STT02-010_Selis-of-the-Shore_E_R_die,alpha_master_sheet_crosswalk,S1-STT02-010_Selis-of-the-Shore_E_R_die,Starter Deck 2,https://static-content.azuki.com/tcg/card_art/S1-STT02-010_Selis-of-the-Shore_E_R_die.jpg,linked_alpha_master_sheet; official_gallery_image_url,SUBTYPE_2; SUBTYPE_3; PLUS_ATK; REF_IP2; REF_ID2; E_2; E_2_TEXT; F_TEXT; DEFINITION_TEXT; RULING_TEXT; ALT_IMG,sheet_sourced
STT02-011,3,Bubblemancer,Water,Entity,Driftward,,,0,2,2,,,,,,C,Pandart Studio,Garden Only Ability,You may sacrifice this card: Choose an entity in your Garden; iit cannot take damage from card effects until the start of your next turn.,,,,,,Alpha,https://static-content.azuki.com/tcg/card_art/S1-STT02-011_Bubblemancer_E_C_die.jpg,,azuki_tcg_official_gallery:S1-STT02-011_Bubblemancer_E_C_die,alpha_master_sheet_crosswalk,S1-STT02-011_Bubblemancer_E_C_die,Starter Deck 2,https://static-content.azuki.com/tcg/card_art/S1-STT02-011_Bubblemancer_E_C_die.jpg,linked_alpha_master_sheet; official_gallery_image_url,SUBTYPE_2; SUBTYPE_3; PLUS_ATK; REF_IP; REF_ID; REF_IP2; REF_ID2; E_2; E_2_TEXT; F_TEXT; DEFINITION_TEXT; RULING_TEXT; ALT_IMG,sheet_sourced
STT02-012,4,Young Shao,Neutral,Entity,Shao,Dawnling,,2,2,2,,Azuki,187,,,UC,Pandart Studio,,"If the number of entities in your Garden is 2 or more than the number of entities in your opponent's Garden, this card has + attack and +1 health.",,,,,,Alpha,https://static-content.azuki.com/tcg/card_art/S1-STT02-012_Young-Shao_E_UC_die.jpg,,azuki_tcg_official_gallery:S1-STT02-012_Young-Shao_E_UC_die,alpha_master_sheet_crosswalk,S1-STT02-012_Young-Shao_E_UC_die,Starter Deck 2,https://static-content.azuki.com/tcg/card_art/S1-STT02-012_Young-Shao_E_UC_die.jpg,linked_alpha_master_sheet; official_gallery_image_url,SUBTYPE_3; PLUS_ATK; REF_IP2; REF_ID2; E_1; E_2; E_2_TEXT; F_TEXT; DEFINITION_TEXT; RULING_TEXT; ALT_IMG,sheet_sourced
STT02-013,5,Mizuki,Water,Entity,Wavecaller,,,2,3,4,,,9195,,,SR,Pandart Studio,On Play,"Look at the top 3 cards of your deck, reaveal up to 1 WaterElementIcon type card with a cost of 2 or less and add it to your hand, then bottom deck the rest in any order. You may play the card in the Alley if it is an entity card.",,,,,,Alpha,https://static-content.azuki.com/tcg/card_art/S1-STT02-013_Mizuki_E_SR_die.jpg,,azuki_tcg_official_gallery:S1-STT02-013_Mizuki_E_SR_die,alpha_master_sheet_crosswalk,S1-STT02-013_Mizuki_E_SR_die,Starter Deck 2,https://static-content.azuki.com/tcg/card_art/S1-STT02-013_Mizuki_E_SR_die.jpg,linked_alpha_master_sheet; official_gallery_image_url,SUBTYPE_2; SUBTYPE_3; PLUS_ATK; REF_IP; REF_IP2; REF_ID2; E_2; E_2_TEXT; F_TEXT; DEFINITION_TEXT; RULING_TEXT; ALT_IMG,sheet_sourced
STT02-013,5,Mizuki,Water,Entity,Wavecaller,,,2,3,4,,,9195,,,SR,Pandart Studio,On Play,"Look at the top 3 cards of your deck, reaveal up to 1 WaterElementIcon type card with a cost of 2 or less and add it to your hand, then bottom deck the rest in any order. You may play the card in the Alley if it is an entity card.",,,,,,Alpha,https://static-content.azuki.com/tcg/card_art/STT02-013ASN_Mizuki_E_SR_die.jpg,,azuki_tcg_official_gallery:STT02-013ASN_Mizuki_E_SR_die,alpha_master_sheet_crosswalk,STT02-013ASN_Mizuki_E_SR_die,Alpha,https://static-content.azuki.com/tcg/card_art/STT02-013ASN_Mizuki_E_SR_die.jpg,linked_alpha_master_sheet; official_gallery_image_url,SUBTYPE_2; SUBTYPE_3; PLUS_ATK; REF_IP; REF_IP2; REF_ID2; E_2; E_2_TEXT; F_TEXT; DEFINITION_TEXT; RULING_TEXT; ALT_IMG,sheet_sourced
STT02-013,5,Mizuki,Water,Entity,Wavecaller,,,2,3,4,,,9195,,,SR,Pandart Studio,On Play,"Look at the top 3 cards of your deck, reaveal up to 1 WaterElementIcon type card with a cost of 2 or less and add it to your hand, then bottom deck the rest in any order. You may play the card in the Alley if it is an entity card.",,,,,,Alpha,https://static-content.azuki.com/tcg/card_art/STT02-013A_Mizuki_E_SR_die.jpg,,azuki_tcg_official_gallery:STT02-013A_Mizuki_E_SR_die,alpha_master_sheet_crosswalk,STT02-013A_Mizuki_E_SR_die,Alpha,https://static-content.azuki.com/tcg/card_art/STT02-013A_Mizuki_E_SR_die.jpg,linked_alpha_master_sheet; official_gallery_image_url,SUBTYPE_2; SUBTYPE_3; PLUS_ATK; REF_IP; REF_IP2; REF_ID2; E_2; E_2_TEXT; F_TEXT; DEFINITION_TEXT; RULING_TEXT; ALT_IMG,sheet_sourced
STT02-014,1,Chilling Water,Water,Spell,Subzero,,,,,,,,,,,C,Soysauce,Main,"Choose an entity with a cost of 2 or less in your opponent's Garden; until the start of your next turn, it is Frozen.",,,,Frozen,Spell,Alpha,https://static-content.azuki.com/tcg/card_art/S1-STT02-014_Chilling-Water_S_C_die.jpg,,azuki_tcg_official_gallery:S1-STT02-014_Chilling-Water_S_C_die,alpha_master_sheet_crosswalk,S1-STT02-014_Chilling-Water_S_C_die,Starter Deck 2,https://static-content.azuki.com/tcg/card_art/S1-STT02-014_Chilling-Water_S_C_die.jpg,linked_alpha_master_sheet; official_gallery_image_url,SUBTYPE_2; SUBTYPE_3; GATE_PWR; ATK; HP; PLUS_ATK; REF_IP; REF_ID; REF_IP2; REF_ID2; E_2; E_2_TEXT; F_TEXT; ALT_IMG,sheet_sourced
STT02-015,2,Commune with Water,Water,Spell,Watercrafting,,,,,,,Elementals,16797,,,UC,Azuki Art Team,Response,Return an entity with a cost of 3 or less in any Garden to its owner's hand.,,,,,Response,Alpha,https://static-content.azuki.com/tcg/card_art/S1-STT02-015_Commune-with-Water_S_UC_die.jpg,,azuki_tcg_official_gallery:S1-STT02-015_Commune-with-Water_S_UC_die,alpha_master_sheet_crosswalk,S1-STT02-015_Commune-with-Water_S_UC_die,Starter Deck 2,https://static-content.azuki.com/tcg/card_art/S1-STT02-015_Commune-with-Water_S_UC_die.jpg,linked_alpha_master_sheet; official_gallery_image_url,SUBTYPE_2; SUBTYPE_3; GATE_PWR; ATK; HP; PLUS_ATK; REF_IP2; REF_ID2; E_2; E_2_TEXT; F_TEXT; DEFINITION_TEXT; ALT_IMG,sheet_sourced
STT02-016,1,Water Orb,Water,Spell,Driftward,Orb,,,,,,,,,,R,Volta,Response,Discard 1: Reduce a leader's or an entity's attack by 2 until the end of the turn.,,,,,Response,Alpha,https://static-content.azuki.com/tcg/card_art/S1-STT02-016_Water-Orb_S_R_die.jpg,,azuki_tcg_official_gallery:S1-STT02-016_Water-Orb_S_R_die,alpha_master_sheet_crosswalk,S1-STT02-016_Water-Orb_S_R_die,Starter Deck 2,https://static-content.azuki.com/tcg/card_art/S1-STT02-016_Water-Orb_S_R_die.jpg,linked_alpha_master_sheet; official_gallery_image_url,SUBTYPE_3; GATE_PWR; ATK; HP; PLUS_ATK; REF_IP; REF_ID; REF_IP2; REF_ID2; E_2; E_2_TEXT; F_TEXT; DEFINITION_TEXT; ALT_IMG,sheet_sourced
STT02-017,6,Shao's Perseverance,Water,Spell,Watercrafting,Shao,,,,,,Azuki,187,,,SR,Pandart Studio,Main,"If your leader is Shao, return all entities with a cost of 6 or less in your opponent's Garden to their owner's hand.",,,,,Spell,Alpha,https://static-content.azuki.com/tcg/card_art/S1-STT02-017_Shaos-Perseverance_S_SR_die.jpg,,azuki_tcg_official_gallery:S1-STT02-017_Shaos-Perseverance_S_SR_die,alpha_master_sheet_crosswalk,S1-STT02-017_Shaos-Perseverance_S_SR_die,Starter Deck 2,https://static-content.azuki.com/tcg/card_art/S1-STT02-017_Shaos-Perseverance_S_SR_die.jpg,linked_alpha_master_sheet; official_gallery_image_url,SUBTYPE_3; GATE_PWR; ATK; HP; PLUS_ATK; REF_IP2; REF_ID2; E_2; E_2_TEXT; F_TEXT; DEFINITION_TEXT; ALT_IMG,sheet_sourced
STT02-017,6,Shao's Perseverance,Water,Spell,Watercrafting,Shao,,,,,,Azuki,187,,,SR,Pandart Studio,Main,"If your leader is Shao, return all entities with a cost of 6 or less in your opponent's Garden to their owner's hand.",,,,,Spell,Alpha,https://static-content.azuki.com/tcg/card_art/STT02-017A_Shaos-Perseverance_S_SR_die.jpg,,azuki_tcg_official_gallery:STT02-017A_Shaos-Perseverance_S_SR_die,alpha_master_sheet_crosswalk,STT02-017A_Shaos-Perseverance_S_SR_die,Alpha,https://static-content.azuki.com/tcg/card_art/STT02-017A_Shaos-Perseverance_S_SR_die.jpg,linked_alpha_master_sheet; official_gallery_image_url,SUBTYPE_3; GATE_PWR; ATK; HP; PLUS_ATK; REF_IP2; REF_ID2; E_2; E_2_TEXT; F_TEXT; DEFINITION_TEXT; ALT_IMG,sheet_sourced
STT03-001,,Bobu,Earth,Leader,Bobu,Brewmaster,Stonemend,,,20,,,,,,L ★,steamboy,Once/Turn; Main,"*Pay 1 IKZ*: Until the start of your next turn, the first time an (Earth) entity in your Garden or Alley is destroyed or sacrificed, you may heal 1 to your leader.",,,,,,Booster,https://static-content.azuki.com/tcg/card_art/S1-STT03-001A_Bobu_L_L_die.jpg,,azuki_tcg_official_gallery:S1-STT03-001A_Bobu_L_L_die,official_gallery_completion,S1-STT03-001A_Bobu_L_L_die,Booster,https://static-content.azuki.com/tcg/card_art/S1-STT03-001A_Bobu_L_L_die.jpg,official_gallery_api; image_view_illustrator,IKZ COST; GATE_PWR; ATK; PLUS_ATK; REF_IP; REF_ID; REF_IP2; REF_ID2; E_2; E_2_TEXT; F_TEXT; DEFINITION_TEXT; RULING_TEXT; ALT_IMG,image_credit_read
STT03-001,,Bobu,Earth,Leader,Bobu,Brewmaster,Stonemend,,,20,,,,,,L,Pandart Studio,Once/Turn; Main,"*Pay 1 IKZ*: Until the start of your next turn, the first time an (Earth) entity in your Garden or Alley is destroyed or sacrificed, you may heal 1 to your leader.",,,,,,Starter Deck 3,https://static-content.azuki.com/tcg/card_art/S1-STT03-001_Bobu_L_L_die.jpg,,azuki_tcg_official_gallery:S1-STT03-001_Bobu_L_L_die,official_gallery_completion,S1-STT03-001_Bobu_L_L_die,Starter Deck 3,https://static-content.azuki.com/tcg/card_art/S1-STT03-001_Bobu_L_L_die.jpg,official_gallery_api; image_view_illustrator,IKZ COST; GATE_PWR; ATK; PLUS_ATK; REF_IP; REF_ID; REF_IP2; REF_ID2; E_2; E_2_TEXT; F_TEXT; DEFINITION_TEXT; RULING_TEXT; ALT_IMG,image_credit_read
STT03-002,,Stonehaven Gate,Earth,Gate,Gate,,,,,,,,,,,G ★,Angélo Sung,Defender,"TAP: Portal an untapped entity from the Alley into the Garden, then you may give an entity in your Garden with base health that's equal to or less than the (Gate Power) of the portaled entity ""Defender"" (If this card is in the Garden, you may tap it to redirect an attack to this card) until the start of your next turn.",,,,Defender,Gate,Booster,https://static-content.azuki.com/tcg/card_art/S1-STT03-002A_Stonehaven-Gate_G_G_die.jpg,,azuki_tcg_official_gallery:S1-STT03-002A_Stonehaven-Gate_G_G_die,official_gallery_completion,S1-STT03-002A_Stonehaven-Gate_G_G_die,Booster,https://static-content.azuki.com/tcg/card_art/S1-STT03-002A_Stonehaven-Gate_G_G_die.jpg,official_gallery_api; image_view_illustrator,IKZ COST; SUBTYPE_2; SUBTYPE_3; GATE_PWR; ATK; HP; PLUS_ATK; REF_IP; REF_ID; REF_IP2; REF_ID2; E_2; E_2_TEXT; F_TEXT; ALT_IMG,image_credit_read
STT03-002,,Stonehaven Gate,Earth,Gate,Gate,,,,,,,,,,,G,Angélo Sung,Defender,"TAP: Portal an untapped entity from the Alley into the Garden, then you may give an entity in your Garden with base health that's equal to or less than the (Gate Power) of the portaled entity ""Defender"" (If this card is in the Garden, you may tap it to redirect an attack to this card) until the start of your next turn.",,,,Defender,Gate,Starter Deck 3,https://static-content.azuki.com/tcg/card_art/S1-STT03-002_Stonehaven-Gate_G_G_die.jpg,,azuki_tcg_official_gallery:S1-STT03-002_Stonehaven-Gate_G_G_die,official_gallery_completion,S1-STT03-002_Stonehaven-Gate_G_G_die,Starter Deck 3,https://static-content.azuki.com/tcg/card_art/S1-STT03-002_Stonehaven-Gate_G_G_die.jpg,official_gallery_api; image_view_illustrator,IKZ COST; SUBTYPE_2; SUBTYPE_3; GATE_PWR; ATK; HP; PLUS_ATK; REF_IP; REF_ID; REF_IP2; REF_ID2; E_2; E_2_TEXT; F_TEXT; ALT_IMG,image_credit_read
STT03-003,1,Koyama Farm Potter,Earth,Entity,Artisan,Dusttracker,,1,1,1,,,,,,C,Twisted Hand Studio,On Play,"Look at the top 5 cards of your deck, you may reveal up to 1 (Verdant) subtype card and add it to your hand, then bottom deck the rest in any order.",,,,,,Starter Deck 3,https://static-content.azuki.com/tcg/card_art/S1-STT03-003_Koyama-Farm-Potter_E_C_die.jpg,,azuki_tcg_official_gallery:S1-STT03-003_Koyama-Farm-Potter_E_C_die,official_gallery_completion,S1-STT03-003_Koyama-Farm-Potter_E_C_die,Starter Deck 3,https://static-content.azuki.com/tcg/card_art/S1-STT03-003_Koyama-Farm-Potter_E_C_die.jpg,official_gallery_api; image_view_illustrator,SUBTYPE_3; PLUS_ATK; REF_IP; REF_ID; REF_IP2; REF_ID2; E_2; E_2_TEXT; F_TEXT; DEFINITION_TEXT; RULING_TEXT; ALT_IMG,image_credit_read
STT03-004,1,Sloth Scarecrow,Earth,Entity,Earthwarden,Stonemend,,0,0,1,,,,,,C,Twisted Hand Studio,,"Defender (If this card is in the Garden, you may tap it to redirect an attack to this card)",Main,You may sacrifice this card: Heal 1 to your leader.,,Defender,,Starter Deck 3,https://static-content.azuki.com/tcg/card_art/S1-STT03-004_Sloth-Scarecrow_E_C_die.jpg,,azuki_tcg_official_gallery:S1-STT03-004_Sloth-Scarecrow_E_C_die,official_gallery_completion,S1-STT03-004_Sloth-Scarecrow_E_C_die,Starter Deck 3,https://static-content.azuki.com/tcg/card_art/S1-STT03-004_Sloth-Scarecrow_E_C_die.jpg,official_gallery_api; image_view_illustrator,SUBTYPE_3; PLUS_ATK; REF_IP; REF_ID; REF_IP2; REF_ID2; E_1; F_TEXT; RULING_TEXT; ALT_IMG,image_credit_read
STT03-005,2,Wobbly Cabbage Cart,Earth,Entity,Earthfury,,,1,0,1,,,,,,C,Twisted Hand Studio,When Destroyed,You may destroy an entity with 1 health in your opponent's Garden.,,,,,,Starter Deck 3,https://static-content.azuki.com/tcg/card_art/S1-STT03-005_Wobbly-Cabbage-Cart_E_C_die.jpg,,azuki_tcg_official_gallery:S1-STT03-005_Wobbly-Cabbage-Cart_E_C_die,official_gallery_completion,S1-STT03-005_Wobbly-Cabbage-Cart_E_C_die,Starter Deck 3,https://static-content.azuki.com/tcg/card_art/S1-STT03-005_Wobbly-Cabbage-Cart_E_C_die.jpg,official_gallery_api; image_view_illustrator,SUBTYPE_2; SUBTYPE_3; PLUS_ATK; REF_IP; REF_ID; REF_IP2; REF_ID2; E_2; E_2_TEXT; F_TEXT; DEFINITION_TEXT; RULING_TEXT; ALT_IMG,image_credit_read
STT03-006,2,Cactus Farmer,Earth,Entity,Earthwarden,,,1,2,1,,,,,,UC,Twisted Hand Studio,When Destroyed,"Draw 1, then discard 1.",,,,,,Starter Deck 3,https://static-content.azuki.com/tcg/card_art/S1-STT03-006_Cactus-Farmer_E_UC_die.jpg,,azuki_tcg_official_gallery:S1-STT03-006_Cactus-Farmer_E_UC_die,official_gallery_completion,S1-STT03-006_Cactus-Farmer_E_UC_die,Starter Deck 3,https://static-content.azuki.com/tcg/card_art/S1-STT03-006_Cactus-Farmer_E_UC_die.jpg,official_gallery_api; image_view_illustrator,SUBTYPE_2; SUBTYPE_3; PLUS_ATK; REF_IP; REF_ID; REF_IP2; REF_ID2; E_2; E_2_TEXT; F_TEXT; DEFINITION_TEXT; RULING_TEXT; ALT_IMG,image_credit_read
STT03-007,3,Koyama Farm Caretaker,Earth,Entity,Farmer,Verdant,,0,1,1,,,,,,R,Twisted Hand Studio,In Garden Only Ability,Treat this card also as an IKZ card.,,(This ability is not affected by Cooldown),,,,Starter Deck 3,https://static-content.azuki.com/tcg/card_art/S1-STT03-007_Koyama-Farm-Caretaker_E_R_die.jpg,,azuki_tcg_official_gallery:S1-STT03-007_Koyama-Farm-Caretaker_E_R_die,official_gallery_completion,S1-STT03-007_Koyama-Farm-Caretaker_E_R_die,Starter Deck 3,https://static-content.azuki.com/tcg/card_art/S1-STT03-007_Koyama-Farm-Caretaker_E_R_die.jpg,official_gallery_api; image_view_illustrator,SUBTYPE_3; PLUS_ATK; REF_IP; REF_ID; REF_IP2; REF_ID2; E_2; F_TEXT; DEFINITION_TEXT; RULING_TEXT; ALT_IMG,image_credit_read
STT03-008,3,Midnight Courier,Neutral,Entity,Strider,,,1,2,2,,,,,,C,Kilo,,,,,,,,Starter Deck 3,https://static-content.azuki.com/tcg/card_art/S1-STT03-008_Midnight-Courier_E_C_die.jpg,,azuki_tcg_official_gallery:S1-STT03-008_Midnight-Courier_E_C_die,official_gallery_completion,S1-STT03-008_Midnight-Courier_E_C_die,Starter Deck 3,https://static-content.azuki.com/tcg/card_art/S1-STT03-008_Midnight-Courier_E_C_die.jpg,official_gallery_api; image_view_illustrator,SUBTYPE_2; SUBTYPE_3; PLUS_ATK; REF_IP; REF_ID; REF_IP2; REF_ID2; E_1; E_1_TEXT; E_2; E_2_TEXT; F_TEXT; DEFINITION_TEXT; RULING_TEXT; ALT_IMG,image_credit_read
STT03-009,4,Warding Totem,Earth,Entity,Earthwarden,Statue,Verdant,2,0,2,,,,,,UC,Twisted Hand Studio,,"""Defender"" (If this card is in the Garden, you may tap it to redirect an attack to this card)",On Play,Add 1 IKZ from your IKZ pile to your IKZ area; the IKZ enters the field tapped.,,Defender,,Starter Deck 3,https://static-content.azuki.com/tcg/card_art/S1-STT03-009_Warding-Totem_E_UC_die.jpg,,azuki_tcg_official_gallery:S1-STT03-009_Warding-Totem_E_UC_die,official_gallery_completion,S1-STT03-009_Warding-Totem_E_UC_die,Starter Deck 3,https://static-content.azuki.com/tcg/card_art/S1-STT03-009_Warding-Totem_E_UC_die.jpg,official_gallery_api; image_view_illustrator,PLUS_ATK; REF_IP; REF_ID; REF_IP2; REF_ID2; E_1; F_TEXT; RULING_TEXT; ALT_IMG,image_credit_read
STT03-010,4,Shroommancer,Earth,Entity,Stonemend,,,2,2,2,,,,,,C,Twisted Hand Studio,Once/Turn,"Whenever this card attacks and destroys an entity in your opponent's Garden, you may heal 1 to your leader.",,,,,,Starter Deck 3,https://static-content.azuki.com/tcg/card_art/S1-STT03-010_Shroommancer_E_C_die.jpg,,azuki_tcg_official_gallery:S1-STT03-010_Shroommancer_E_C_die,official_gallery_completion,S1-STT03-010_Shroommancer_E_C_die,Starter Deck 3,https://static-content.azuki.com/tcg/card_art/S1-STT03-010_Shroommancer_E_C_die.jpg,official_gallery_api; image_view_illustrator,SUBTYPE_2; SUBTYPE_3; PLUS_ATK; REF_IP; REF_ID; REF_IP2; REF_ID2; E_2; E_2_TEXT; F_TEXT; DEFINITION_TEXT; RULING_TEXT; ALT_IMG,image_credit_read
STT03-011,5,Koyama Farm Plowman,Earth,Entity,Earthwarden,Farmer,Obsidian,3,2,3,,,,,,C,Twisted Hand Studio,On Play,"If this card is played in the Garden, you may destroy an entity with a base health of 2 or less in your opponent's Garden.",,,,,,Starter Deck 3,https://static-content.azuki.com/tcg/card_art/S1-STT03-011_Koyama-Farm-Plowman_E_C_die.jpg,,azuki_tcg_official_gallery:S1-STT03-011_Koyama-Farm-Plowman_E_C_die,official_gallery_completion,S1-STT03-011_Koyama-Farm-Plowman_E_C_die,Starter Deck 3,https://static-content.azuki.com/tcg/card_art/S1-STT03-011_Koyama-Farm-Plowman_E_C_die.jpg,official_gallery_api; image_view_illustrator,PLUS_ATK; REF_IP; REF_ID; REF_IP2; REF_ID2; E_2; E_2_TEXT; F_TEXT; DEFINITION_TEXT; RULING_TEXT; ALT_IMG,image_credit_read
STT03-012,6,Miharu of the White Bloom,Earth,Entity,Stonemend,Verdant,,3,3,3,,,,,,SR,Twisted Hand Studio,On Play,You may play an entity with a cost of 2 or less from your hand into your Garden.,In Garden Only Ability; Once/Turn,"On your opponent's turn, whenever another entity in your Garden or this entity is destroyed, you may heal 2 to your leader.",,,,Starter Deck 3,https://static-content.azuki.com/tcg/card_art/S1-STT03-012_Miharu-of-the-White-Bloom_E_SR_die.jpg,,azuki_tcg_official_gallery:S1-STT03-012_Miharu-of-the-White-Bloom_E_SR_die,official_gallery_completion,S1-STT03-012_Miharu-of-the-White-Bloom_E_SR_die,Starter Deck 3,https://static-content.azuki.com/tcg/card_art/S1-STT03-012_Miharu-of-the-White-Bloom_E_SR_die.jpg,official_gallery_api; image_view_illustrator,SUBTYPE_3; PLUS_ATK; REF_IP; REF_ID; REF_IP2; REF_ID2; F_TEXT; DEFINITION_TEXT; RULING_TEXT; ALT_IMG,image_credit_read
STT03-013,7,Stone Masked Ancient,Earth,Entity,Obsidian,Sandstrider,,3,3,6,,,,,,SR ★,Twisted Hand Studio,In Garden Only Ability,"""Taunt"" (When tapped, opponents can only attack entities with ""Taunt"")",,"When this card enters the Garden, you may tap it.",,Taunt,,Booster,https://static-content.azuki.com/tcg/card_art/S1-STT03-013A_Stone-Masked-Ancient_E_SR_die.jpg,,azuki_tcg_official_gallery:S1-STT03-013A_Stone-Masked-Ancient_E_SR_die,official_gallery_completion,S1-STT03-013A_Stone-Masked-Ancient_E_SR_die,Booster,https://static-content.azuki.com/tcg/card_art/S1-STT03-013A_Stone-Masked-Ancient_E_SR_die.jpg,official_gallery_api; image_view_illustrator,SUBTYPE_3; PLUS_ATK; REF_IP; REF_ID; REF_IP2; REF_ID2; E_2; F_TEXT; RULING_TEXT; ALT_IMG,image_credit_read
STT03-013,7,Stone Masked Ancient,Earth,Entity,Obsidian,Sandstrider,,3,3,6,,,,,,SR,Twisted Hand Studio,In Garden Only Ability,"""Taunt"" (When tapped, opponents can only attack entities with ""Taunt"")",,"When this card enters the Garden, you may tap it.",,Taunt,,Starter Deck 3,https://static-content.azuki.com/tcg/card_art/S1-STT03-013_Stone-Masked-Ancient_E_SR_die.jpg,,azuki_tcg_official_gallery:S1-STT03-013_Stone-Masked-Ancient_E_SR_die,official_gallery_completion,S1-STT03-013_Stone-Masked-Ancient_E_SR_die,Starter Deck 3,https://static-content.azuki.com/tcg/card_art/S1-STT03-013_Stone-Masked-Ancient_E_SR_die.jpg,official_gallery_api; image_view_illustrator,SUBTYPE_3; PLUS_ATK; REF_IP; REF_ID; REF_IP2; REF_ID2; E_2; F_TEXT; RULING_TEXT; ALT_IMG,image_credit_read
STT03-014,8,Sandcoil Python,Earth,Entity,Rootbane,Sandstrider,Verdant,4,6,6,,,,,,UC,Twisted Hand Studio,On Play,"All entities in your opponent's Garden with a base attack of 3 or less become ""Rooted"" (cannot attack until the start of your next turn).",,,,Rooted,,Starter Deck 3,https://static-content.azuki.com/tcg/card_art/S1-STT03-014_Sandcoil-Python_E_UC_die.jpg,,azuki_tcg_official_gallery:S1-STT03-014_Sandcoil-Python_E_UC_die,official_gallery_completion,S1-STT03-014_Sandcoil-Python_E_UC_die,Starter Deck 3,https://static-content.azuki.com/tcg/card_art/S1-STT03-014_Sandcoil-Python_E_UC_die.jpg,official_gallery_api; image_view_illustrator,PLUS_ATK; REF_IP; REF_ID; REF_IP2; REF_ID2; E_2; E_2_TEXT; F_TEXT; RULING_TEXT; ALT_IMG,image_credit_read
STT03-015,4,Jar of Beans,Earth,Spell,Stonemend,,,,,,,,,,,UC,Twisted Hand Studio,Main,"Heal 3 to your leader. If you have 7 or more IKZ in your IKZ area, heal 5 instead.",,,,,Spell,Starter Deck 3,https://static-content.azuki.com/tcg/card_art/S1-STT03-015_Jar-of-Beans_S_UC_die.jpg,,azuki_tcg_official_gallery:S1-STT03-015_Jar-of-Beans_S_UC_die,official_gallery_completion,S1-STT03-015_Jar-of-Beans_S_UC_die,Starter Deck 3,https://static-content.azuki.com/tcg/card_art/S1-STT03-015_Jar-of-Beans_S_UC_die.jpg,official_gallery_api; image_view_illustrator,SUBTYPE_2; SUBTYPE_3; GATE_PWR; ATK; HP; PLUS_ATK; REF_IP; REF_ID; REF_IP2; REF_ID2; E_2; E_2_TEXT; F_TEXT; DEFINITION_TEXT; ALT_IMG,image_credit_read
STT03-016,5,Quicksand,Earth,Spell,Earthfury,,,,,,,,,,,R,Twisted Hand Studio,Main,Destroy all entities with 2 health or less in your opponent's Garden.,,,,,Spell,Starter Deck 3,https://static-content.azuki.com/tcg/card_art/S1-STT03-016_Quicksand_S_R_die.jpg,,azuki_tcg_official_gallery:S1-STT03-016_Quicksand_S_R_die,official_gallery_completion,S1-STT03-016_Quicksand_S_R_die,Starter Deck 3,https://static-content.azuki.com/tcg/card_art/S1-STT03-016_Quicksand_S_R_die.jpg,official_gallery_api; image_view_illustrator,SUBTYPE_2; SUBTYPE_3; GATE_PWR; ATK; HP; PLUS_ATK; REF_IP; REF_ID; REF_IP2; REF_ID2; E_2; E_2_TEXT; F_TEXT; DEFINITION_TEXT; ALT_IMG,image_credit_read
STT03-017,3,Sprout of Fortune,Earth,Spell,Verdant,,,,,,,,,,,C,Twisted Hand Studio,Main,"Choose 1:
Add 1 IKZ from your IKZ pile to your IKZ area; the IKZ enters the field tapped. Then, heal up to 1 to your leader. 
or
Draw 1.",,,,,Spell,Starter Deck 3,https://static-content.azuki.com/tcg/card_art/S1-STT03-017_Sprout-of-Fortune_S_C_die.jpg,,azuki_tcg_official_gallery:S1-STT03-017_Sprout-of-Fortune_S_C_die,official_gallery_completion,S1-STT03-017_Sprout-of-Fortune_S_C_die,Starter Deck 3,https://static-content.azuki.com/tcg/card_art/S1-STT03-017_Sprout-of-Fortune_S_C_die.jpg,official_gallery_api; image_view_illustrator,SUBTYPE_2; SUBTYPE_3; GATE_PWR; ATK; HP; PLUS_ATK; REF_IP; REF_ID; REF_IP2; REF_ID2; E_2; E_2_TEXT; F_TEXT; DEFINITION_TEXT; ALT_IMG,image_credit_read
STT04-001,,Zero,Fire,Leader,Black Jade,Scorchweaver,,,,20,,,,,,L ★★,,Once/Turn; Main,"Deal 1 damage to this card: Deal 1 damage to an entity in your Garden or Alley, then give that entity +1 attack until the end of the turn.",,,,,,Booster,https://static-content.azuki.com/tcg/card_art/S1-STT04-001AC_Zero_L_L-AAC_die.jpg,,azuki_tcg_official_gallery:S1-STT04-001AC_Zero_L_L-AAC_die,official_gallery_completion,S1-STT04-001AC_Zero_L_L-AAC_die,Booster,https://static-content.azuki.com/tcg/card_art/S1-STT04-001AC_Zero_L_L-AAC_die.jpg,official_gallery_api,IKZ COST; SUBTYPE_3; GATE_PWR; ATK; PLUS_ATK; REF_IP; REF_ID; REF_IP2; REF_ID2; ILLUSTRATOR; E_2; E_2_TEXT; F_TEXT; DEFINITION_TEXT; RULING_TEXT; ALT_IMG,needs_image_credit_review
STT04-001,,Zero,Fire,Leader,Black Jade,Scorchweaver,,,,20,,,,,,L ★,,Once/Turn; Main,"Deal 1 damage to this card: Deal 1 damage to an entity in your Garden or Alley, then give that entity +1 attack until the end of the turn.",,,,,,Booster,https://static-content.azuki.com/tcg/card_art/S1-STT04-001A_Zero_L_L_die.jpg,,azuki_tcg_official_gallery:S1-STT04-001A_Zero_L_L_die,official_gallery_completion,S1-STT04-001A_Zero_L_L_die,Booster,https://static-content.azuki.com/tcg/card_art/S1-STT04-001A_Zero_L_L_die.jpg,official_gallery_api,IKZ COST; SUBTYPE_3; GATE_PWR; ATK; PLUS_ATK; REF_IP; REF_ID; REF_IP2; REF_ID2; ILLUSTRATOR; E_2; E_2_TEXT; F_TEXT; DEFINITION_TEXT; RULING_TEXT; ALT_IMG,needs_image_credit_review
STT04-001,,Zero,Fire,Leader,Black Jade,Scorchweaver,,,,20,,,,,,L,Pandart Studio,Once/Turn; Main,"Deal 1 damage to this card: Deal 1 damage to an entity in your Garden or Alley, then give that entity +1 attack until the end of the turn.",,,,,,Starter Deck 4,https://static-content.azuki.com/tcg/card_art/S1-STT04-001_Zero_L_L_die.jpg,,azuki_tcg_official_gallery:S1-STT04-001_Zero_L_L_die,official_gallery_completion,S1-STT04-001_Zero_L_L_die,Starter Deck 4,https://static-content.azuki.com/tcg/card_art/S1-STT04-001_Zero_L_L_die.jpg,official_gallery_api; image_view_illustrator,IKZ COST; SUBTYPE_3; GATE_PWR; ATK; PLUS_ATK; REF_IP; REF_ID; REF_IP2; REF_ID2; E_2; E_2_TEXT; F_TEXT; DEFINITION_TEXT; RULING_TEXT; ALT_IMG,image_credit_read
STT04-002,,Ragefire Gate,Fire,Gate,Gate,,,,,,,,,,,G ★,Rylor,,"TAP: Portal an untapped entity from the Alley into the Garden, then you may choose an entity in your Garden that took damage this turn and give that entity <+Attack> equal to the (Gate Power) of the portaled entity until the end of your turn.",,,,,Gate,Booster,https://static-content.azuki.com/tcg/card_art/S1-STT04-002A_Ragefire-Gate_G_G_die.jpg,,azuki_tcg_official_gallery:S1-STT04-002A_Ragefire-Gate_G_G_die,official_gallery_completion,S1-STT04-002A_Ragefire-Gate_G_G_die,Booster,https://static-content.azuki.com/tcg/card_art/S1-STT04-002A_Ragefire-Gate_G_G_die.jpg,official_gallery_api; image_view_illustrator,IKZ COST; SUBTYPE_2; SUBTYPE_3; GATE_PWR; ATK; HP; PLUS_ATK; REF_IP; REF_ID; REF_IP2; REF_ID2; E_1; E_2; E_2_TEXT; F_TEXT; DEFINITION_TEXT; ALT_IMG,image_credit_read
STT04-002,,Ragefire Gate,Fire,Gate,Gate,,,,,,,,,,,G,Rylor,,"TAP: Portal an untapped entity from the Alley into the Garden, then you may choose an entity in your Garden that took damage this turn and give that entity <+Attack> equal to the (Gate Power) of the portaled entity until the end of your turn.",,,,,Gate,Starter Deck 4,https://static-content.azuki.com/tcg/card_art/S1-STT04-002_Ragefire-Gate_G_G_die.jpg,,azuki_tcg_official_gallery:S1-STT04-002_Ragefire-Gate_G_G_die,official_gallery_completion,S1-STT04-002_Ragefire-Gate_G_G_die,Starter Deck 4,https://static-content.azuki.com/tcg/card_art/S1-STT04-002_Ragefire-Gate_G_G_die.jpg,official_gallery_api; image_view_illustrator,IKZ COST; SUBTYPE_2; SUBTYPE_3; GATE_PWR; ATK; HP; PLUS_ATK; REF_IP; REF_ID; REF_IP2; REF_ID2; E_1; E_2; E_2_TEXT; F_TEXT; DEFINITION_TEXT; ALT_IMG,image_credit_read
STT04-003,1,Cinderwake Seer,Fire,Entity,Blazerker,Cinderwake,,0,2,2,,,,,,UC,Twisted Hand Studio,Start of Each Turn,You must deal 1 damage to this card.,,,,,,Starter Deck 4,https://static-content.azuki.com/tcg/card_art/S1-STT04-003_Cinderwake-Seer_E_UC_die.jpg,,azuki_tcg_official_gallery:S1-STT04-003_Cinderwake-Seer_E_UC_die,official_gallery_completion,S1-STT04-003_Cinderwake-Seer_E_UC_die,Starter Deck 4,https://static-content.azuki.com/tcg/card_art/S1-STT04-003_Cinderwake-Seer_E_UC_die.jpg,official_gallery_api; image_view_illustrator,SUBTYPE_3; PLUS_ATK; REF_IP; REF_ID; REF_IP2; REF_ID2; E_2; E_2_TEXT; F_TEXT; DEFINITION_TEXT; RULING_TEXT; ALT_IMG,image_credit_read
STT04-004,1,Fanatic Kindler,Fire,Entity,Scorchweaver,,,0,1,2,,,,,,C,Twisted Hand Studio,On Play,You may sacrifice this card: Deal 1 damage to an entity in any Garden.,,,,,,Starter Deck 4,https://static-content.azuki.com/tcg/card_art/S1-STT04-004_Fanatic-Kindler_E_C_die.jpg,,azuki_tcg_official_gallery:S1-STT04-004_Fanatic-Kindler_E_C_die,official_gallery_completion,S1-STT04-004_Fanatic-Kindler_E_C_die,Starter Deck 4,https://static-content.azuki.com/tcg/card_art/S1-STT04-004_Fanatic-Kindler_E_C_die.jpg,official_gallery_api; image_view_illustrator,SUBTYPE_2; SUBTYPE_3; PLUS_ATK; REF_IP; REF_ID; REF_IP2; REF_ID2; E_2; E_2_TEXT; F_TEXT; DEFINITION_TEXT; RULING_TEXT; ALT_IMG,image_credit_read
STT04-005,1,Ruby,Fire,Entity,Ashveil,,,1,1,1,,,,,,C,Zhongqiu,On Play,"Look at the top 5 cards of your deck, reveal up to 1 (Pyreskin) subtype card and add it to your hand, then bottom deck the rest in any order.",,,,,,Starter Deck 4,https://static-content.azuki.com/tcg/card_art/S1-STT04-005_Ruby_E_C_die.jpg,,azuki_tcg_official_gallery:S1-STT04-005_Ruby_E_C_die,official_gallery_completion,S1-STT04-005_Ruby_E_C_die,Starter Deck 4,https://static-content.azuki.com/tcg/card_art/S1-STT04-005_Ruby_E_C_die.jpg,official_gallery_api; image_view_illustrator,SUBTYPE_2; SUBTYPE_3; PLUS_ATK; REF_IP; REF_ID; REF_IP2; REF_ID2; E_2; E_2_TEXT; F_TEXT; DEFINITION_TEXT; RULING_TEXT; ALT_IMG,image_credit_read
STT04-006,2,Wolf Cub,Neutral,Entity,Dawnling,Wolf,,1,1,2,,,,,,C,Twisted Hand Studio,,,,,,,,Starter Deck 4,https://static-content.azuki.com/tcg/card_art/S1-STT04-006_Wolf-Cub_E_C_die.jpg,,azuki_tcg_official_gallery:S1-STT04-006_Wolf-Cub_E_C_die,official_gallery_completion,S1-STT04-006_Wolf-Cub_E_C_die,Starter Deck 4,https://static-content.azuki.com/tcg/card_art/S1-STT04-006_Wolf-Cub_E_C_die.jpg,official_gallery_api; image_view_illustrator,SUBTYPE_3; PLUS_ATK; REF_IP; REF_ID; REF_IP2; REF_ID2; E_1; E_1_TEXT; E_2; E_2_TEXT; F_TEXT; DEFINITION_TEXT; RULING_TEXT; ALT_IMG,image_credit_read
STT04-007,2,Enraged Howler,Fire,Entity,Pyreskin,Wolf,,1,1,2,,,,,,C,Twisted Hand Studio,Once/Turn,"Whenever this entity takes damage, it gets +1 attack until the end of turn.",,,,,,Starter Deck 4,https://static-content.azuki.com/tcg/card_art/S1-STT04-007_Enraged-Howler_E_C_die.jpg,,azuki_tcg_official_gallery:S1-STT04-007_Enraged-Howler_E_C_die,official_gallery_completion,S1-STT04-007_Enraged-Howler_E_C_die,Starter Deck 4,https://static-content.azuki.com/tcg/card_art/S1-STT04-007_Enraged-Howler_E_C_die.jpg,official_gallery_api; image_view_illustrator,SUBTYPE_3; PLUS_ATK; REF_IP; REF_ID; REF_IP2; REF_ID2; E_2; E_2_TEXT; F_TEXT; DEFINITION_TEXT; RULING_TEXT; ALT_IMG,image_credit_read
STT04-008,3,Lady Emberheart,Fire,Entity,Crimsondrift,,,0,2,2,,,,,,UC,Aaron,Once/Turn,"On your turn, after this card attacks an entity, you may untap this card.",,,,,,Starter Deck 4,https://static-content.azuki.com/tcg/card_art/S1-STT04-008_Lady-Emberheart_E_UC_die.jpg,,azuki_tcg_official_gallery:S1-STT04-008_Lady-Emberheart_E_UC_die,official_gallery_completion,S1-STT04-008_Lady-Emberheart_E_UC_die,Starter Deck 4,https://static-content.azuki.com/tcg/card_art/S1-STT04-008_Lady-Emberheart_E_UC_die.jpg,official_gallery_api; image_view_illustrator,SUBTYPE_2; SUBTYPE_3; PLUS_ATK; REF_IP; REF_ID; REF_IP2; REF_ID2; E_2; E_2_TEXT; F_TEXT; DEFINITION_TEXT; RULING_TEXT; ALT_IMG,image_credit_read
STT04-009,3,Cinderwake Ritualist,Fire,Entity,Cinderwake,Pyreskin,,2,1,2,,,,,,R,Soysauce,In Garden Only Ability; Once/Turn,"Whenever this card takes damage from card effects, you may also deal that damage to another leader or entity in any Garden, capped at 2 damage.",,,,,,Starter Deck 4,https://static-content.azuki.com/tcg/card_art/S1-STT04-009_Cinderwake-Ritualist_E_R_die.jpg,,azuki_tcg_official_gallery:S1-STT04-009_Cinderwake-Ritualist_E_R_die,official_gallery_completion,S1-STT04-009_Cinderwake-Ritualist_E_R_die,Starter Deck 4,https://static-content.azuki.com/tcg/card_art/S1-STT04-009_Cinderwake-Ritualist_E_R_die.jpg,official_gallery_api; image_view_illustrator,SUBTYPE_3; PLUS_ATK; REF_IP; REF_ID; REF_IP2; REF_ID2; E_2; E_2_TEXT; F_TEXT; DEFINITION_TEXT; RULING_TEXT; ALT_IMG,image_credit_read
STT04-010,3,Reckless Tinkerer,Fire,Entity,Blazerker,Elder,Pyreskin,1,1,2,,,,,,C,Twisted Hand Studio,,"""Charge""",On Play,You must deal 1 damage to this card.,,Charge,,Starter Deck 4,https://static-content.azuki.com/tcg/card_art/S1-STT04-010_Reckless-Tinkerer_E_C_die.jpg,,azuki_tcg_official_gallery:S1-STT04-010_Reckless-Tinkerer_E_C_die,official_gallery_completion,S1-STT04-010_Reckless-Tinkerer_E_C_die,Starter Deck 4,https://static-content.azuki.com/tcg/card_art/S1-STT04-010_Reckless-Tinkerer_E_C_die.jpg,official_gallery_api; image_view_illustrator,PLUS_ATK; REF_IP; REF_ID; REF_IP2; REF_ID2; E_1; F_TEXT; RULING_TEXT; ALT_IMG,image_credit_read
STT04-011,4,Scorchland Raven,Neutral,Entity,Bird,,,3,2,2,,,,,,C,Twisted Hand Studio,,,,,,,,Starter Deck 4,https://static-content.azuki.com/tcg/card_art/S1-STT04-011_Scorchland-Raven_E_C_die.jpg,,azuki_tcg_official_gallery:S1-STT04-011_Scorchland-Raven_E_C_die,official_gallery_completion,S1-STT04-011_Scorchland-Raven_E_C_die,Starter Deck 4,https://static-content.azuki.com/tcg/card_art/S1-STT04-011_Scorchland-Raven_E_C_die.jpg,official_gallery_api; image_view_illustrator,SUBTYPE_2; SUBTYPE_3; PLUS_ATK; REF_IP; REF_ID; REF_IP2; REF_ID2; E_1; E_1_TEXT; E_2; E_2_TEXT; F_TEXT; DEFINITION_TEXT; RULING_TEXT; ALT_IMG,image_credit_read
STT04-012,4,Spiteful Raider,Fire,Entity,Bandit,Pyreskin,,1,3,2,,,,,,UC,Twisted Hand Studio,Once/Turn,"Whenever this card takes damage, deal 1 damage to a leader or an entity in any Garden.",,,,,,Starter Deck 4,https://static-content.azuki.com/tcg/card_art/S1-STT04-012_Spiteful-Raider_E_UC_die.jpg,,azuki_tcg_official_gallery:S1-STT04-012_Spiteful-Raider_E_UC_die,official_gallery_completion,S1-STT04-012_Spiteful-Raider_E_UC_die,Starter Deck 4,https://static-content.azuki.com/tcg/card_art/S1-STT04-012_Spiteful-Raider_E_UC_die.jpg,official_gallery_api; image_view_illustrator,SUBTYPE_3; PLUS_ATK; REF_IP; REF_ID; REF_IP2; REF_ID2; E_2; E_2_TEXT; F_TEXT; DEFINITION_TEXT; RULING_TEXT; ALT_IMG,image_credit_read
STT04-013,5,Kurai the Volcano,Fire,Entity,Crimsondrift,Elder,,1,3,3,,,,,,SR,Avo,Once/Turn,"Whenever an entity in your opponent's Garden is destroyed, untap this card.",,,,,,Starter Deck 4,https://static-content.azuki.com/tcg/card_art/S1-STT04-013_Kurai-the-Volcano_E_SR_die.jpg,,azuki_tcg_official_gallery:S1-STT04-013_Kurai-the-Volcano_E_SR_die,official_gallery_completion,S1-STT04-013_Kurai-the-Volcano_E_SR_die,Starter Deck 4,https://static-content.azuki.com/tcg/card_art/S1-STT04-013_Kurai-the-Volcano_E_SR_die.jpg,official_gallery_api; image_view_illustrator,SUBTYPE_3; PLUS_ATK; REF_IP; REF_ID; REF_IP2; REF_ID2; E_2; E_2_TEXT; F_TEXT; DEFINITION_TEXT; RULING_TEXT; ALT_IMG,image_credit_read
STT04-014,6,"Scorchveil Shinobi, Suzuka",Fire,Entity,Blazerker,Ninja,,1,3,3,,,,,,SR ★,Twisted Hand Studio,,"""Charge""",On Play,"If your leader has the (Scorchweaver) subtype, deal 1 damage to all entities in each player's Garden, then give all other entities in your Garden +1 attack until the end of your turn.",,Charge,,Booster,https://static-content.azuki.com/tcg/card_art/S1-STT04-014A_Scorchveil-Shinobi-Suzuka_E_SR_die.jpg,,azuki_tcg_official_gallery:S1-STT04-014A_Scorchveil-Shinobi-Suzuka_E_SR_die,official_gallery_completion,S1-STT04-014A_Scorchveil-Shinobi-Suzuka_E_SR_die,Booster,https://static-content.azuki.com/tcg/card_art/S1-STT04-014A_Scorchveil-Shinobi-Suzuka_E_SR_die.jpg,official_gallery_api; image_view_illustrator,SUBTYPE_3; PLUS_ATK; REF_IP; REF_ID; REF_IP2; REF_ID2; E_1; F_TEXT; RULING_TEXT; ALT_IMG,image_credit_read
STT04-014,6,"Scorchveil Shinobi, Suzuka",Fire,Entity,Blazerker,Ninja,,1,3,3,,,,,,SR,Twisted Hand Studio,,"""Charge""",On Play,"If your leader has the (Scorchweaver) subtype, deal 1 damage to all entities in each player's Garden, then give all other entities in your Garden +1 attack until the end of your turn.",,Charge,,Starter Deck 4,https://static-content.azuki.com/tcg/card_art/S1-STT04-014_Scorchveil-Shinobi-Suzuka_E_SR_die.jpg,,azuki_tcg_official_gallery:S1-STT04-014_Scorchveil-Shinobi-Suzuka_E_SR_die,official_gallery_completion,S1-STT04-014_Scorchveil-Shinobi-Suzuka_E_SR_die,Starter Deck 4,https://static-content.azuki.com/tcg/card_art/S1-STT04-014_Scorchveil-Shinobi-Suzuka_E_SR_die.jpg,official_gallery_api; image_view_illustrator,SUBTYPE_3; PLUS_ATK; REF_IP; REF_ID; REF_IP2; REF_ID2; E_1; F_TEXT; RULING_TEXT; ALT_IMG,image_credit_read
STT04-015,1,Detonation Pact,Fire,Spell,Scorchweaver,,,,,,,,,,,C,Twisted Hand Studio,Main,Deal 1 damage to your leader: Deal 2 damage to a leader or an entity in any Garden.,,,,,Spell,Starter Deck 4,https://static-content.azuki.com/tcg/card_art/S1-STT04-015_Detonation-Pact_S_C_die.jpg,,azuki_tcg_official_gallery:S1-STT04-015_Detonation-Pact_S_C_die,official_gallery_completion,S1-STT04-015_Detonation-Pact_S_C_die,Starter Deck 4,https://static-content.azuki.com/tcg/card_art/S1-STT04-015_Detonation-Pact_S_C_die.jpg,official_gallery_api; image_view_illustrator,SUBTYPE_2; SUBTYPE_3; GATE_PWR; ATK; HP; PLUS_ATK; REF_IP; REF_ID; REF_IP2; REF_ID2; E_2; E_2_TEXT; F_TEXT; DEFINITION_TEXT; ALT_IMG,image_credit_read
STT04-016,2,Collateral Burst,Fire,Spell,Pyreskin,Scorchweaver,,,,,,,,,,UC,Twisted Hand Studio,Main,Deal up to 1 damage to an entity in your Garden and up to 2 damage to a leader or an entity in your opponent's  Garden.,,,,,Spell,Starter Deck 4,https://static-content.azuki.com/tcg/card_art/S1-STT04-016_Collateral-Burst_S_UC_die.jpg,,azuki_tcg_official_gallery:S1-STT04-016_Collateral-Burst_S_UC_die,official_gallery_completion,S1-STT04-016_Collateral-Burst_S_UC_die,Starter Deck 4,https://static-content.azuki.com/tcg/card_art/S1-STT04-016_Collateral-Burst_S_UC_die.jpg,official_gallery_api; image_view_illustrator,SUBTYPE_3; GATE_PWR; ATK; HP; PLUS_ATK; REF_IP; REF_ID; REF_IP2; REF_ID2; E_2; E_2_TEXT; F_TEXT; DEFINITION_TEXT; ALT_IMG,image_credit_read
STT04-017,3,Wrath of Sinder,Fire,Spell,Blazerker,,,,,,,,,,,R,Twisted Hand Studio,Main,Sacrifice any number of entities in your Garden: Deal damage to an entity or a leader in any Garden equal to the number of entities sacrificed.,,,,,Spell,Starter Deck 4,https://static-content.azuki.com/tcg/card_art/S1-STT04-017_Wrath-of-Sinder_S_R_die.jpg,,azuki_tcg_official_gallery:S1-STT04-017_Wrath-of-Sinder_S_R_die,official_gallery_completion,S1-STT04-017_Wrath-of-Sinder_S_R_die,Starter Deck 4,https://static-content.azuki.com/tcg/card_art/S1-STT04-017_Wrath-of-Sinder_S_R_die.jpg,official_gallery_api; image_view_illustrator,SUBTYPE_2; SUBTYPE_3; GATE_PWR; ATK; HP; PLUS_ATK; REF_IP; REF_ID; REF_IP2; REF_ID2; E_2; E_2_TEXT; F_TEXT; DEFINITION_TEXT; ALT_IMG,image_credit_read
